Date,Close,reconstruction_mse,anomaly
2000-09-06,34.95000076293945,0.0054847253,0
2000-09-07,35.33000183105469,0.0052681244,0
2000-09-08,33.70000076293945,0.005832836,0
2000-09-11,35.099998474121094,0.0061048316,0
2000-09-12,34.20000076293945,0.006458172,0
2000-09-13,33.79999923706055,0.007298524,0
2000-09-14,34.099998474121094,0.0076680062,0
2000-09-15,35.849998474121094,0.007637943,0
2000-09-18,36.880001068115234,0.007426644,0
2000-09-19,36.5,0.0074512353,0
2000-09-20,37.5,0.0069739586,0
2000-09-21,33.95000076293945,0.007417027,0
2000-09-22,32.650001525878906,0.010095758,0
2000-09-25,31.56999969482422,0.012488641,0
2000-09-26,31.5,0.015022675,0
2000-09-27,31.5,0.01724754,1
2000-09-28,30.299999237060547,0.019952659,1
2000-09-29,30.860000610351562,0.019696869,1
2000-10-02,32.150001525878906,0.016342668,1
2000-10-03,32.06999969482422,0.013304127,0
2000-10-04,31.5,0.008607584,0
2000-10-05,30.649999618530273,0.007598338,0
2000-10-06,30.850000381469727,0.007143882,0
2000-10-09,31.8799991607666,0.00684029,0
2000-10-10,33.150001525878906,0.0062508173,0
2000-10-11,33.150001525878906,0.005656077,0
2000-10-12,36.099998474121094,0.005579924,0
2000-10-13,35.04999923706055,0.005577582,0
2000-10-16,33.099998474121094,0.0057079326,0
2000-10-17,32.95000076293945,0.006013838,0
2000-10-18,33.54999923706055,0.006341877,0
2000-10-19,32.95000076293945,0.0073271794,0
2000-10-20,34.29999923706055,0.0079448875,0
2000-10-23,33.72999954223633,0.008776473,0
2000-10-24,33.369998931884766,0.009169963,0
2000-10-25,32.959999084472656,0.010296548,0
2000-10-26,33.75,0.008494468,0
2000-10-27,32.70000076293945,0.0077142688,0
2000-10-30,32.810001373291016,0.008068697,0
2000-10-31,32.689998626708984,0.008620317,0
2000-11-01,33.20000076293945,0.0083520515,0
2000-11-02,32.540000915527344,0.008958587,0
2000-11-03,32.599998474121094,0.008422965,0
2000-11-06,32.86000061035156,0.008010419,0
2000-11-07,33.400001525878906,0.0075012944,0
2000-11-08,33.290000915527344,0.007437125,0
2000-11-09,33.95000076293945,0.006543891,0
2000-11-10,34.09000015258789,0.0063416166,0
2000-11-13,34.43000030517578,0.00608877,0
2000-11-14,34.849998474121094,0.0060050543,0
2000-11-15,35.599998474121094,0.00556696,0
2000-11-16,35.04999923706055,0.0057191295,0
2000-11-17,35.599998474121094,0.0058942633,0
2000-11-20,35.220001220703125,0.006351845,0
2000-11-21,35.150001525878906,0.006719131,0
2000-11-22,35.400001525878906,0.007302657,0
2000-11-27,35.380001068115234,0.0076993788,0
2000-11-28,34.25,0.00875545,0
2000-11-29,34.630001068115234,0.0094215665,0
2000-11-30,33.79999923706055,0.010437974,0
2000-12-01,32.04999923706055,0.011799231,0
2000-12-04,31.299999237060547,0.013824893,0
2000-12-05,29.549999237060547,0.016201392,1
2000-12-06,29.850000381469727,0.017387502,1
2000-12-07,29.360000610351562,0.017983098,1
2000-12-08,28.5,0.017911656,1
2000-12-11,29.450000762939453,0.015647452,0
2000-12-12,29.690000534057617,0.013711194,0
2000-12-13,28.5,0.011536734,0
2000-12-14,27.899999618530273,0.009823652,0
2000-12-15,28.850000381469727,0.0084614,0
2000-12-18,29.649999618530273,0.007045789,0
2000-12-19,28.799999237060547,0.0069597913,0
2000-12-20,25.670000076293945,0.008485565,0
2000-12-21,26.049999237060547,0.009536624,0
2000-12-22,26.18000030517578,0.010596908,0
2000-12-26,26.649999618530273,0.01042647,0
2000-12-27,26.450000762939453,0.009749972,0
2000-12-28,25.850000381469727,0.0097854305,0
2000-12-29,26.799999237060547,0.00938677,0
2001-01-02,27.200000762939453,0.008319227,0
2001-01-03,27.950000762939453,0.0063812635,0
2001-01-04,28.200000762939453,0.005011429,0
2001-01-05,28.0,0.0049568927,0
2001-01-08,27.350000381469727,0.005139032,0
2001-01-09,27.719999313354492,0.0053063426,0
2001-01-10,29.5,0.005050366,0
2001-01-11,29.5,0.0049253954,0
2001-01-12,30.049999237060547,0.0048529855,0
2001-01-16,30.350000381469727,0.004767318,0
2001-01-17,29.649999618530273,0.0048977784,0
2001-01-18,30.450000762939453,0.004880377,0
2001-01-19,32.099998474121094,0.004743674,0
2001-01-22,32.0,0.0046382695,0
2001-01-23,29.56999969482422,0.005342845,0
2001-01-24,29.049999237060547,0.0065584667,0
2001-01-25,29.360000610351562,0.007327939,0
2001-01-26,29.780000686645508,0.007900403,0
2001-01-29,29.059999465942383,0.008533166,0
2001-01-30,29.059999465942383,0.008769261,0
2001-01-31,28.700000762939453,0.0094442805,0
2001-02-01,29.799999237060547,0.00915806,0
2001-02-02,31.25,0.007289705,0
2001-02-05,30.5,0.0056480765,0
2001-02-06,30.350000381469727,0.0054083397,0
2001-02-07,31.200000762939453,0.005293616,0
2001-02-08,31.559999465942383,0.0051465,0
2001-02-09,31.049999237060547,0.005062415,0
2001-02-12,30.549999237060547,0.00539948,0
2001-02-13,30.34000015258789,0.005885396,0
2001-02-14,29.75,0.0069431225,0
2001-02-15,28.799999237060547,0.008371221,0
2001-02-16,29.15999984741211,0.008594594,0
2001-02-20,28.579999923706055,0.009320199,0
2001-02-21,28.549999237060547,0.009922469,0
2001-02-22,28.81999969482422,0.009582721,0
2001-02-23,29.0,0.008600444,0
2001-02-26,28.440000534057617,0.00801467,0
2001-02-27,28.1200008392334,0.007700824,0
2001-02-28,27.420000076293945,0.0076172194,0
2001-03-01,27.649999618530273,0.0074936054,0
2001-03-02,27.84000015258789,0.007565061,0
2001-03-05,28.600000381469727,0.00700591,0
2001-03-06,28.299999237060547,0.0067914017,0
2001-03-07,28.950000762939453,0.0063870028,0
2001-03-08,28.489999771118164,0.0060744984,0
2001-03-09,27.799999237060547,0.0059763812,0
2001-03-12,28.0,0.005968006,0
2001-03-13,27.450000762939453,0.006301245,0
2001-03-14,26.450000762939453,0.0073363734,0
2001-03-15,26.649999618530273,0.0080921985,0
2001-03-16,26.700000762939453,0.008551711,0
2001-03-19,26.18000030517578,0.008779829,0
2001-03-20,25.899999618530273,0.009054599,0
2001-03-21,26.799999237060547,0.008170048,0
2001-03-22,26.520000457763672,0.00753645,0
2001-03-23,27.299999237060547,0.006866716,0
2001-03-26,27.459999084472656,0.0060324734,0
2001-03-27,27.75,0.0054285103,0
2001-03-28,26.25,0.0057790186,0
2001-03-29,26.350000381469727,0.006053266,0
2001-03-30,26.399999618530273,0.0062397113,0
2001-04-02,25.59000015258789,0.0069911084,0
2001-04-03,26.190000534057617,0.007406318,0
2001-04-04,27.1200008392334,0.0071150684,0
2001-04-05,27.260000228881836,0.00685306,0
2001-04-06,27.059999465942383,0.0064796656,0
2001-04-09,27.34000015258789,0.005947086,0
2001-04-10,28.479999542236328,0.0051118284,0
2001-04-11,28.18000030517578,0.0049905907,0
2001-04-12,28.25,0.004899543,0
2001-04-16,28.790000915527344,0.004779438,0
2001-04-17,28.239999771118164,0.005011849,0
2001-04-18,27.950000762939453,0.005404963,0
2001-04-19,27.829999923706055,0.005743157,0
2001-04-20,27.280000686645508,0.0062882835,0
2001-04-23,27.610000610351562,0.0067688935,0
2001-04-24,26.860000610351562,0.0075289346,0
2001-04-25,27.290000915527344,0.007491929,0
2001-04-26,28.440000534057617,0.007046686,0
2001-04-27,28.270000457763672,0.0066453638,0
2001-04-30,28.459999084472656,0.0059622596,0
2001-05-01,28.940000534057617,0.0054736487,0
2001-05-02,27.799999237060547,0.0055028633,0
2001-05-03,28.450000762939453,0.005430612,0
2001-05-04,28.360000610351562,0.005575303,0
2001-05-07,27.770000457763672,0.005870434,0
2001-05-08,27.389999389648438,0.0065926,0
2001-05-09,28.229999542236328,0.0068419753,0
2001-05-10,28.520000457763672,0.0065716445,0
2001-05-11,28.549999237060547,0.0064181117,0
2001-05-14,28.709999084472656,0.0061129127,0
2001-05-15,28.979999542236328,0.0055806814,0
2001-05-16,28.860000610351562,0.0055934708,0
2001-05-17,28.90999984741211,0.0054495493,0
2001-05-18,29.90999984741211,0.005102651,0
2001-05-21,29.979999542236328,0.005010124,0
2001-05-22,29.739999771118164,0.0051711565,0
2001-05-23,29.579999923706055,0.0053140135,0
2001-05-24,28.40999984741211,0.005931242,0
2001-05-25,28.3799991607666,0.0065889433,0
2001-05-29,28.65999984741211,0.007029305,0
2001-05-30,28.549999237060547,0.007318016,0
2001-05-31,28.3700008392334,0.0076739164,0
2001-06-01,27.93000030517578,0.008186315,0
2001-06-04,28.1299991607666,0.007949599,0
2001-06-05,28.239999771118164,0.0074849725,0
2001-06-06,27.719999313354492,0.007227347,0
2001-06-07,27.75,0.0068466426,0
2001-06-08,28.399999618530273,0.0066579795,0
2001-06-11,29.040000915527344,0.0062732054,0
2001-06-12,29.18000030517578,0.0058051734,0
2001-06-13,28.84000015258789,0.005533794,0
2001-06-14,29.040000915527344,0.0053345542,0
2001-06-15,28.510000228881836,0.005553103,0
2001-06-18,27.549999237060547,0.0061648544,0
2001-06-19,27.479999542236328,0.0067139203,0
2001-06-20,26.5,0.007928462,0
2001-06-21,26.559999465942383,0.00894784,0
2001-06-22,26.829999923706055,0.009325326,0
2001-06-25,27.25,0.008879611,0
2001-06-26,26.979999542236328,0.008305275,0
2001-06-27,25.610000610351562,0.00850706,0
2001-06-28,25.559999465942383,0.008238756,0
2001-06-29,26.25,0.0076413364,0
2001-07-02,25.950000762939453,0.0074823126,0
2001-07-03,26.239999771118164,0.0070697824,0
2001-07-05,27.020000457763672,0.0067023532,0
2001-07-06,28.209999084472656,0.006091839,0
2001-07-09,27.59000015258789,0.005696851,0
2001-07-10,27.489999771118164,0.0052542887,0
2001-07-11,27.110000610351562,0.005072302,0
2001-07-12,26.799999237060547,0.005467384,0
2001-07-13,26.59000015258789,0.0060148453,0
2001-07-16,26.059999465942383,0.0066839643,0
2001-07-17,25.56999969482422,0.007633661,0
2001-07-18,24.889999389648438,0.008886101,0
2001-07-19,24.700000762939453,0.009725444,0
2001-07-20,25.59000015258789,0.009069461,0
2001-07-23,26.1200008392334,0.008268098,0
2001-07-24,26.309999465942383,0.0073433435,0
2001-07-25,26.84000015258789,0.006450406,0
2001-07-26,26.729999542236328,0.0058145393,0
2001-07-27,27.020000457763672,0.0052930084,0
2001-07-30,26.6299991607666,0.005147971,0
2001-07-31,26.350000381469727,0.0052690813,0
2001-08-01,26.770000457763672,0.0054692635,0
2001-08-02,27.709999084472656,0.0055140695,0
2001-08-03,27.6200008392334,0.0054971874,0
2001-08-06,27.739999771118164,0.0054368586,0
2001-08-07,27.940000534057617,0.0053550666,0
2001-08-08,27.540000915527344,0.005371804,0
2001-08-09,27.639999389648438,0.0054570986,0
2001-08-10,28.049999237060547,0.0053782044,0
2001-08-13,27.81999969482422,0.005508765,0
2001-08-14,28.010000228881836,0.0057237674,0
2001-08-15,27.559999465942383,0.006081288,0
2001-08-16,27.450000762939453,0.006232382,0
2001-08-17,26.6299991607666,0.006804413,0
2001-08-20,27.18000030517578,0.0069569447,0
2001-08-21,27.850000381469727,0.0066682673,0
2001-08-22,26.3700008392334,0.0071979673,0
2001-08-23,26.6299991607666,0.007419816,0
2001-08-24,26.899999618530273,0.00724824,0
2001-08-27,26.670000076293945,0.0071752705,0
2001-08-28,27.170000076293945,0.0067350445,0
2001-08-29,27.049999237060547,0.006460247,0
2001-08-30,26.549999237060547,0.006395252,0
2001-08-31,27.200000762939453,0.0064100623,0
2001-09-04,26.93000030517578,0.0063126115,0
2001-09-05,26.950000762939453,0.005907819,0
2001-09-06,27.579999923706055,0.0058461325,0
2001-09-07,28.030000686645508,0.00562038,0
2001-09-10,27.6299991607666,0.005523287,0
2001-09-14,29.530000686645508,0.0052024275,0
2001-09-17,28.809999465942383,0.0049468786,0
2001-09-18,27.700000762939453,0.00517326,0
2001-09-19,26.719999313354492,0.0060237157,0
2001-09-20,26.59000015258789,0.0068088635,0
2001-09-21,25.969999313354492,0.007977447,0
2001-09-24,22.010000228881836,0.012463482,0
2001-09-25,21.809999465942383,0.016049553,0
2001-09-26,22.3799991607666,0.017715717,1
2001-09-27,22.739999771118164,0.018208377,1
2001-09-28,23.43000030517578,0.01564523,0
2001-10-01,23.280000686645508,0.01307299,0
2001-10-02,22.790000915527344,0.011185625,0
2001-10-03,22.079999923706055,0.010152594,0
2001-10-04,22.6299991607666,0.008575371,0
2001-10-05,22.389999389648438,0.0068458496,0
2001-10-08,22.450000762939453,0.00706227,0
2001-10-09,22.479999542236328,0.0073563745,0
2001-10-10,22.530000686645508,0.0074522817,0
2001-10-11,23.34000015258789,0.0071823476,0
2001-10-12,22.5,0.006987219,0
2001-10-15,22.290000915527344,0.0068807947,0
2001-10-16,22.0,0.0069755972,0
2001-10-17,21.809999465942383,0.0074904626,0
2001-10-18,21.309999465942383,0.00796354,0
2001-10-19,21.829999923706055,0.008146634,0
2001-10-22,21.760000228881836,0.008226012,0
2001-10-23,21.850000381469727,0.008133483,0
2001-10-24,22.329999923706055,0.007910978,0
2001-10-25,22.010000228881836,0.007277106,0
2001-10-26,22.049999237060547,0.0070135086,0
2001-10-29,22.149999618530273,0.0067850677,0
2001-10-30,21.8700008392334,0.0068118847,0
2001-10-31,21.18000030517578,0.007117829,0
2001-11-01,20.389999389648438,0.008122256,0
2001-11-02,20.18000030517578,0.008915058,0
2001-11-05,20.020000457763672,0.009632745,0
2001-11-06,19.920000076293945,0.010229643,0
2001-11-07,20.09000015258789,0.010104768,0
2001-11-08,21.170000076293945,0.009385323,0
2001-11-09,22.219999313354492,0.00829015,0
2001-11-12,21.229999542236328,0.007543391,0
2001-11-13,21.670000076293945,0.0067745633,0
2001-11-14,19.739999771118164,0.0070608417,0
2001-11-15,17.450000762939453,0.009240125,0
2001-11-16,18.030000686645508,0.010867689,0
2001-11-19,17.719999313354492,0.012496835,0
2001-11-20,19.149999618530273,0.012720716,0
2001-11-21,18.959999084472656,0.012820567,0
2001-11-26,18.690000534057617,0.012604767,0
2001-11-27,19.479999542236328,0.010518504,0
2001-11-28,19.219999313354492,0.009728966,0
2001-11-29,18.6200008392334,0.008401605,0
2001-11-30,19.440000534057617,0.006991163,0
2001-12-03,20.09000015258789,0.0071498724,0
2001-12-04,19.649999618530273,0.0068509057,0
2001-12-05,19.489999771118164,0.007444368,0
2001-12-06,18.540000915527344,0.007879106,0
2001-12-07,19.040000915527344,0.007924846,0
2001-12-10,18.3700008392334,0.008789546,0
2001-12-11,18.079999923706055,0.009324067,0
2001-12-12,18.360000610351562,0.009349978,0
2001-12-13,18.1200008392334,0.009924497,0
2001-12-14,19.290000915527344,0.009662877,0
2001-12-17,19.219999313354492,0.0087732505,0
2001-12-18,19.360000610351562,0.008271436,0
2001-12-19,19.799999237060547,0.007238017,0
2001-12-20,19.280000686645508,0.007397494,0
2001-12-21,19.6200008392334,0.007015304,0
2001-12-26,21.270000457763672,0.0064805723,0
2001-12-27,20.899999618530273,0.006441313,0
2001-12-28,20.40999984741211,0.0062297937,0
2001-12-31,19.84000015258789,0.0068856925,0
2002-01-02,21.010000228881836,0.0067495955,0
2002-01-03,20.3700008392334,0.0069281394,0
2002-01-04,21.6200008392334,0.0069027776,0
2002-01-07,21.479999542236328,0.0066247373,0
2002-01-08,21.25,0.006587431,0
2002-01-09,20.18000030517578,0.0074803913,0
2002-01-10,20.3799991607666,0.0075573325,0
2002-01-11,19.68000030517578,0.008088568,0
2002-01-14,18.889999389648438,0.008963613,0
2002-01-15,18.899999618530273,0.0103010405,0
2002-01-16,18.860000610351562,0.010552885,0
2002-01-17,18.040000915527344,0.011792348,0
2002-01-18,18.0,0.011851646,0
2002-01-22,18.600000381469727,0.01128054,0
2002-01-23,19.479999542236328,0.0097525325,0
2002-01-24,19.719999313354492,0.009021962,0
2002-01-25,20.0,0.007945074,0
2002-01-28,20.049999237060547,0.0070854747,0
2002-01-29,19.56999969482422,0.0069561666,0
2002-01-30,19.149999618530273,0.007223034,0
2002-01-31,19.479999542236328,0.0071095377,0
2002-02-01,20.399999618530273,0.0070182458,0
2002-02-04,20.059999465942383,0.0071921363,0
2002-02-05,20.049999237060547,0.00747585,0
2002-02-06,19.75,0.007599233,0
2002-02-07,19.68000030517578,0.0077517317,0
2002-02-08,20.25,0.007614702,0
2002-02-11,21.31999969482422,0.0070415847,0
2002-02-12,20.75,0.006772507,0
2002-02-13,21.149999618530273,0.0066062855,0
2002-02-14,21.219999313354492,0.00673003,0
2002-02-15,21.5,0.006384682,0
2002-02-19,20.8700008392334,0.006529878,0
2002-02-20,20.229999542236328,0.0069486722,0
2002-02-21,21.049999237060547,0.007094402,0
2002-02-22,21.079999923706055,0.0073170303,0
2002-02-25,20.420000076293945,0.007973969,0
2002-02-26,21.360000610351562,0.0075378483,0
2002-02-27,21.290000915527344,0.0074887066,0
2002-02-28,21.850000381469727,0.0070873424,0
2002-03-01,22.360000610351562,0.006706089,0
2002-03-04,22.5,0.006180689,0
2002-03-05,23.170000076293945,0.0056733834,0
2002-03-06,23.219999313354492,0.005658457,0
2002-03-07,23.780000686645508,0.005495359,0
2002-03-08,23.850000381469727,0.0052371416,0
2002-03-11,24.299999237060547,0.00528225,0
2002-03-12,24.149999618530273,0.0052491627,0
2002-03-13,24.149999618530273,0.005377215,0
2002-03-14,24.549999237060547,0.0054484885,0
2002-03-15,24.479999542236328,0.00553716,0
2002-03-18,25.049999237060547,0.0055613737,0
2002-03-19,25.049999237060547,0.005533856,0
2002-03-20,24.700000762939453,0.0057050744,0
2002-03-21,25.600000381469727,0.005570256,0
2002-03-22,25.260000228881836,0.0056191944,0
2002-03-25,25.020000457763672,0.0056882566,0
2002-03-26,25.43000030517578,0.005725207,0
2002-03-27,25.8700008392334,0.005689771,0
2002-03-28,26.229999542236328,0.0055350726,0
2002-04-01,26.860000610351562,0.0053685745,0
2002-04-02,27.700000762939453,0.0050183823,0
2002-04-03,27.559999465942383,0.0048276624,0
2002-04-04,26.68000030517578,0.005024518,0
2002-04-05,26.219999313354492,0.0053118216,0
2002-04-08,26.549999237060547,0.0056311702,0
2002-04-09,25.799999237060547,0.006372278,0
2002-04-10,26.1200008392334,0.0068935305,0
2002-04-11,25.020000457763672,0.00785404,0
2002-04-12,23.450000762939453,0.009680463,0
2002-04-15,24.549999237060547,0.010108365,0
2002-04-16,24.850000381469727,0.009549112,0
2002-04-17,25.920000076293945,0.008266871,0
2002-04-18,26.09000015258789,0.0073720114,0
2002-04-19,26.399999618530273,0.0066207945,0
2002-04-22,26.299999237060547,0.00587482,0
2002-04-23,26.59000015258789,0.005522095,0
2002-04-24,26.43000030517578,0.0051090345,0
2002-04-25,26.670000076293945,0.005040747,0
2002-04-26,27.149999618530273,0.0051225414,0
2002-04-29,27.520000457763672,0.005149692,0
2002-04-30,27.290000915527344,0.005277929,0
2002-05-01,26.739999771118164,0.005512132,0
2002-05-02,26.350000381469727,0.0059108967,0
2002-05-03,26.719999313354492,0.00611036,0
2002-05-06,26.079999923706055,0.006610195,0
2002-05-07,26.6200008392334,0.0067224465,0
2002-05-08,27.729999542236328,0.006465958,0
2002-05-09,27.700000762939453,0.0062114676,0
2002-05-10,27.8799991607666,0.0058352784,0
2002-05-13,28.450000762939453,0.0052956846,0
2002-05-14,29.299999237060547,0.0048193093,0
2002-05-15,28.200000762939453,0.004847582,0
2002-05-16,27.969999313354492,0.005096669,0
2002-05-17,28.200000762939453,0.005281873,0
2002-05-20,28.200000762939453,0.0056865504,0
2002-05-21,27.0,0.0066285334,0
2002-05-22,26.450000762939453,0.007567047,0
2002-05-23,26.149999618530273,0.008533817,0
2002-05-24,25.8799991607666,0.009436737,0
2002-05-28,25.18000030517578,0.010193372,0
2002-05-29,25.719999313354492,0.009575683,0
2002-05-30,24.700000762939453,0.0098758675,0
2002-05-31,25.350000381469727,0.009520552,0
2002-06-03,25.110000610351562,0.008841803,0
2002-06-04,25.299999237060547,0.007770686,0
2002-06-05,24.889999389648438,0.0073914416,0
2002-06-06,24.93000030517578,0.0071418127,0
2002-06-07,24.729999542236328,0.0069763833,0
2002-06-10,24.31999969482422,0.00705549,0
2002-06-11,24.18000030517578,0.0073498986,0
2002-06-12,24.68000030517578,0.0070691695,0
2002-06-13,25.639999389648438,0.0067786155,0
2002-06-14,25.8700008392334,0.006240474,0
2002-06-17,26.09000015258789,0.0058101555,0
2002-06-18,25.350000381469727,0.0056202617,0
2002-06-19,25.299999237060547,0.0056638764,0
2002-06-20,25.600000381469727,0.005653347,0
2002-06-21,25.75,0.0056804726,0
2002-06-24,26.469999313354492,0.0056181336,0
2002-06-25,26.31999969482422,0.005698395,0
2002-06-26,26.760000228881836,0.0056501557,0
2002-06-27,26.860000610351562,0.0054790266,0
2002-06-28,26.860000610351562,0.0053266813,0
2002-07-01,26.809999465942383,0.0051864227,0
2002-07-02,26.770000457763672,0.005329987,0
2002-07-03,26.799999237060547,0.0055261543,0
2002-07-08,26.06999969482422,0.006039842,0
2002-07-09,26.09000015258789,0.0065113655,0
2002-07-10,26.770000457763672,0.00648859,0
2002-07-11,26.829999923706055,0.006485968,0
2002-07-12,27.469999313354492,0.006140213,0
2002-07-15,27.06999969482422,0.0059403195,0
2002-07-16,27.75,0.00558644,0
2002-07-17,27.8799991607666,0.0053335736,0
2002-07-18,27.56999969482422,0.005251077,0
2002-07-19,27.829999923706055,0.005135369,0
2002-07-22,26.600000381469727,0.0057390383,0
2002-07-23,26.309999465942383,0.0065112053,0
2002-07-24,26.8700008392334,0.006868715,0
2002-07-25,26.770000457763672,0.007171,0
2002-07-26,26.540000915527344,0.0072935685,0
2002-07-29,26.549999237060547,0.007481385,0
2002-07-30,27.360000610351562,0.006963511,0
2002-07-31,27.020000457763672,0.0065537146,0
2002-08-01,26.469999313354492,0.0064548464,0
2002-08-02,26.84000015258789,0.006002626,0
2002-08-05,26.579999923706055,0.0061384984,0
2002-08-06,27.170000076293945,0.0061485213,0
2002-08-07,26.5,0.0062597757,0
2002-08-08,26.670000076293945,0.006283925,0
2002-08-09,26.860000610351562,0.0063335956,0
2002-08-12,27.860000610351562,0.006086839,0
2002-08-13,27.899999618530273,0.005594558,0
2002-08-14,28.149999618530273,0.005266603,0
2002-08-15,29.059999465942383,0.004996139,0
2002-08-16,29.329999923706055,0.0047743577,0
2002-08-19,29.84000015258789,0.0046432116,0
2002-08-20,30.110000610351562,0.0044941893,0
2002-08-21,29.239999771118164,0.004658168,0
2002-08-22,28.84000015258789,0.005095132,0
2002-08-23,28.729999542236328,0.005700484,0
2002-08-26,29.280000686645508,0.005980991,0
2002-08-27,28.829999923706055,0.006490885,0
2002-08-28,28.34000015258789,0.0072024995,0
2002-08-29,28.920000076293945,0.007282153,0
2002-08-30,28.979999542236328,0.0072281333,0
2002-09-03,27.790000915527344,0.0074496,0
2002-09-04,28.270000457763672,0.0070542013,0
2002-09-05,28.979999542236328,0.006669739,0
2002-09-06,29.610000610351562,0.006276795,0
2002-09-09,29.729999542236328,0.0059745293,0
2002-09-10,29.729999542236328,0.005499703,0
2002-09-11,29.770000457763672,0.005281302,0
2002-09-12,28.850000381469727,0.0056822235,0
2002-09-13,29.809999465942383,0.005573659,0
2002-09-16,29.670000076293945,0.0055019935,0
2002-09-17,29.079999923706055,0.006043001,0
2002-09-18,29.479999542236328,0.00639664,0
2002-09-19,29.5,0.0065866644,0
2002-09-20,29.84000015258789,0.006413106,0
2002-09-23,30.709999084472656,0.0059843725,0
2002-09-24,30.770000457763672,0.0055807577,0
2002-09-25,30.639999389648438,0.005282535,0
2002-09-26,30.40999984741211,0.0055135167,0
2002-09-27,30.540000915527344,0.0054568807,0
2002-09-30,30.469999313354492,0.0055188267,0
2002-10-01,30.829999923706055,0.0057172,0
2002-10-02,30.489999771118164,0.0059759784,0
2002-10-03,29.760000228881836,0.0066400394,0
2002-10-04,29.6200008392334,0.0073158965,0
2002-10-07,29.639999389648438,0.0075278482,0
2002-10-08,29.479999542236328,0.0076451846,0
2002-10-09,29.350000381469727,0.007739487,0
2002-10-10,28.969999313354492,0.008001533,0
2002-10-11,29.3700008392334,0.00783615,0
2002-10-14,30.030000686645508,0.007357008,0
2002-10-15,29.719999313354492,0.0067501552,0
2002-10-16,29.469999313354492,0.006344079,0
2002-10-17,29.6200008392334,0.0062141265,0
2002-10-18,29.600000381469727,0.0061655235,0
2002-10-21,28.3799991607666,0.006667769,0
2002-10-22,27.920000076293945,0.0073662386,0
2002-10-23,28.18000030517578,0.0077849613,0
2002-10-24,28.200000762939453,0.008241507,0
2002-10-25,27.049999237060547,0.009058205,0
2002-10-28,27.290000915527344,0.009006242,0
2002-10-29,26.860000610351562,0.009066976,0
2002-10-30,26.809999465942383,0.009012775,0
2002-10-31,27.219999313354492,0.008327594,0
2002-11-01,27.1299991607666,0.0074473834,0
2002-11-04,26.950000762939453,0.007169506,0
2002-11-05,26.139999389648438,0.007444342,0
2002-11-06,25.770000457763672,0.0075792684,0
2002-11-07,25.3799991607666,0.0077044903,0
2002-11-08,25.780000686645508,0.007900136,0
2002-11-11,25.940000534057617,0.0077234893,0
2002-11-12,25.899999618530273,0.0076294034,0
2002-11-13,25.190000534057617,0.007800897,0
2002-11-14,25.290000915527344,0.007594397,0
2002-11-15,25.510000228881836,0.007169222,0
2002-11-18,26.709999084472656,0.0063247094,0
2002-11-19,26.420000076293945,0.00592204,0
2002-11-20,26.979999542236328,0.0055557517,0
2002-11-21,26.350000381469727,0.0055755186,0
2002-11-22,26.760000228881836,0.005477059,0
2002-11-25,26.110000610351562,0.0056007523,0
2002-11-26,26.399999618530273,0.0056679733,0
2002-11-27,26.889999389648438,0.0057479995,0
2002-12-02,27.239999771118164,0.005799281,0
2002-12-03,27.299999237060547,0.0058177775,0
2002-12-04,26.729999542236328,0.0058333534,0
2002-12-05,27.290000915527344,0.005748838,0
2002-12-06,26.93000030517578,0.005697988,0
2002-12-09,27.260000228881836,0.0057327054,0
2002-12-10,27.75,0.005535798,0
2002-12-11,27.399999618530273,0.0056765974,0
2002-12-12,27.920000076293945,0.0056531164,0
2002-12-13,28.440000534057617,0.0054685525,0
2002-12-16,30.100000381469727,0.0050149253,0
2002-12-17,30.100000381469727,0.004713484,0
2002-12-18,30.440000534057617,0.0045996187,0
2002-12-19,30.559999465942383,0.0044967583,0
2002-12-20,30.299999237060547,0.0046111485,0
2002-12-23,31.75,0.0046271197,0
2002-12-24,31.969999313354492,0.0046236124,0
2002-12-26,32.4900016784668,0.004611832,0
2002-12-27,32.720001220703125,0.0046423916,0
2002-12-30,31.3700008392334,0.005181476,0
2002-12-31,31.200000762939453,0.0056576803,0
2003-01-02,31.850000381469727,0.0060225837,0
2003-01-03,33.08000183105469,0.00597914,0
2003-01-06,32.099998474121094,0.006262523,0
2003-01-07,31.079999923706055,0.0073344694,0
2003-01-08,30.559999465942383,0.008150941,0
2003-01-09,31.989999771118164,0.008069032,0
2003-01-10,31.68000030517578,0.0077999816,0
2003-01-13,32.2599983215332,0.006941629,0
2003-01-14,32.369998931884766,0.0067754216,0
2003-01-15,33.20000076293945,0.0065992875,0
2003-01-16,33.65999984741211,0.0063121305,0
2003-01-17,33.90999984741211,0.005386798,0
2003-01-21,34.61000061035156,0.004902811,0
2003-01-22,32.849998474121094,0.005301456,0
2003-01-23,32.25,0.006468785,0
2003-01-24,33.279998779296875,0.0067801103,0
2003-01-27,32.290000915527344,0.007832823,0
2003-01-28,32.66999816894531,0.0084198415,0
2003-01-29,33.630001068115234,0.008582577,0
2003-01-30,33.849998474121094,0.008301507,0
2003-01-31,33.5099983215332,0.007954815,0
2003-02-03,32.7599983215332,0.007920015,0
2003-02-04,33.58000183105469,0.006722161,0
2003-02-05,33.93000030517578,0.006491383,0
2003-02-06,34.15999984741211,0.0067196437,0
2003-02-07,35.119998931884766,0.006128285,0
2003-02-10,34.47999954223633,0.006372883,0
2003-02-11,35.439998626708984,0.0064799013,0
2003-02-12,35.77000045776367,0.006243433,0
2003-02-13,36.36000061035156,0.0058979327,0
2003-02-14,36.79999923706055,0.005668824,0
2003-02-18,36.959999084472656,0.00601688,0
2003-02-19,37.15999984741211,0.0062927217,0
2003-02-20,36.790000915527344,0.0067314454,0
2003-02-21,35.58000183105469,0.008064368,0
2003-02-24,36.47999954223633,0.008379734,0
2003-02-25,36.060001373291016,0.009602895,0
2003-02-26,37.70000076293945,0.009638252,0
2003-02-27,37.20000076293945,0.009909132,0
2003-02-28,36.599998474121094,0.010248846,0
2003-03-03,35.880001068115234,0.010695419,0
2003-03-04,36.88999938964844,0.010399198,0
2003-03-05,36.689998626708984,0.010018698,0
2003-03-06,37.0,0.009441106,0
2003-03-07,37.779998779296875,0.009768649,0
2003-03-10,37.27000045776367,0.009643703,0
2003-03-11,36.720001220703125,0.010605844,0
2003-03-12,37.83000183105469,0.009647348,0
2003-03-13,36.0099983215332,0.010019256,0
2003-03-14,35.380001068115234,0.010967185,0
2003-03-17,34.93000030517578,0.012883939,0
2003-03-18,31.670000076293945,0.016682971,1
2003-03-19,29.8799991607666,0.021727374,1
2003-03-20,28.610000610351562,0.026475538,1
2003-03-21,26.90999984741211,0.030061984,1
2003-03-24,28.65999984741211,0.02890935,1
2003-03-25,27.969999313354492,0.027413417,1
2003-03-26,28.6299991607666,0.021641677,1
2003-03-27,30.3700008392334,0.016236689,1
2003-03-28,30.15999984741211,0.011522552,0
2003-03-31,31.040000915527344,0.006893614,0
2003-04-01,29.780000686645508,0.005547999,0
2003-04-02,28.559999465942383,0.0055242875,0
2003-04-03,28.969999313354492,0.0058731884,0
2003-04-04,28.6200008392334,0.0068060807,0
2003-04-07,27.959999084472656,0.0076751215,0
2003-04-08,28.0,0.008703409,0
2003-04-09,28.850000381469727,0.008973436,0
2003-04-10,27.459999084472656,0.009092539,0
2003-04-11,28.139999389648438,0.0086899875,0
2003-04-14,28.6299991607666,0.0072174408,0
2003-04-15,29.290000915527344,0.0062515205,0
2003-04-16,29.18000030517578,0.0059530255,0
2003-04-17,30.549999237060547,0.00527899,0
2003-04-21,30.8700008392334,0.004813203,0
2003-04-22,29.90999984741211,0.004898871,0
2003-04-23,26.649999618530273,0.006579973,0
2003-04-24,26.639999389648438,0.007967297,0
2003-04-25,26.260000228881836,0.009957805,0
2003-04-28,25.489999771118164,0.012113331,0
2003-04-29,25.239999771118164,0.01367631,0
2003-04-30,25.799999237060547,0.013762973,0
2003-05-01,26.030000686645508,0.013256265,0
2003-05-02,25.670000076293945,0.011601845,0
2003-05-05,26.489999771118164,0.008696193,0
2003-05-06,25.719999313354492,0.0066776327,0
2003-05-07,26.229999542236328,0.0063158795,0
2003-05-08,26.979999542236328,0.005743797,0
2003-05-09,27.719999313354492,0.005217458,0
2003-05-12,27.350000381469727,0.005083561,0
2003-05-13,28.5,0.004938676,0
2003-05-14,29.170000076293945,0.004714313,0
2003-05-15,28.739999771118164,0.004654973,0
2003-05-16,29.139999389648438,0.0046538906,0
2003-05-19,28.829999923706055,0.004704288,0
2003-05-20,29.280000686645508,0.004828411,0
2003-05-21,29.030000686645508,0.0051302337,0
2003-05-22,28.850000381469727,0.005470505,0
2003-05-23,29.15999984741211,0.0056396583,0
2003-05-27,29.350000381469727,0.0059429724,0
2003-05-28,28.579999923706055,0.0063197254,0
2003-05-29,29.100000381469727,0.006230106,0
2003-05-30,29.559999465942383,0.0061376407,0
2003-06-02,30.709999084472656,0.005657372,0
2003-06-03,30.670000076293945,0.0054173185,0
2003-06-04,30.049999237060547,0.0052802367,0
2003-06-05,30.739999771118164,0.0051392866,0
2003-06-06,31.280000686645508,0.0050946292,0
2003-06-09,31.450000762939453,0.005015689,0
2003-06-10,31.729999542236328,0.0048849345,0
2003-06-11,32.36000061035156,0.004904243,0
2003-06-12,31.510000228881836,0.005210089,0
2003-06-13,30.649999618530273,0.005990002,0
2003-06-16,31.18000030517578,0.00621719,0
2003-06-17,31.06999969482422,0.0064787464,0
2003-06-18,30.360000610351562,0.007389488,0
2003-06-19,29.959999084472656,0.008256563,0
2003-06-20,30.81999969482422,0.008263682,0
2003-06-23,29.170000076293945,0.009050788,0
2003-06-24,28.780000686645508,0.0096755065,0
2003-06-25,29.950000762939453,0.008707443,0
2003-06-26,29.010000228881836,0.008550195,0
2003-06-27,29.270000457763672,0.008563328,0
2003-06-30,30.190000534057617,0.0077001927,0
2003-07-01,30.399999618530273,0.0067389198,0
2003-07-02,30.149999618530273,0.006327798,0
2003-07-03,30.420000076293945,0.0060775415,0
2003-07-07,30.1299991607666,0.005440712,0
2003-07-08,30.219999313354492,0.0055661867,0
2003-07-09,30.8799991607666,0.0056914403,0
2003-07-10,31.059999465942383,0.0054046484,0
2003-07-11,31.280000686645508,0.005460837,0
2003-07-14,31.270000457763672,0.0056212945,0
2003-07-15,31.6200008392334,0.00549884,0
2003-07-16,31.049999237060547,0.0055706757,0
2003-07-17,31.40999984741211,0.005694071,0
2003-07-18,31.959999084472656,0.0055926098,0
2003-07-21,31.780000686645508,0.005741988,0
2003-07-22,30.190000534057617,0.0067070373,0
2003-07-23,29.670000076293945,0.0077228993,0
2003-07-24,30.219999313354492,0.008209554,0
2003-07-25,30.170000076293945,0.008471221,0
2003-07-28,30.110000610351562,0.008612382,0
2003-07-29,30.239999771118164,0.008261053,0
2003-07-30,30.68000030517578,0.00795813,0
2003-07-31,30.540000915527344,0.0075621465,0
2003-08-01,32.310001373291016,0.006300833,0
2003-08-04,31.84000015258789,0.005275241,0
2003-08-05,32.220001220703125,0.0050049056,0
2003-08-06,31.700000762939453,0.005180088,0
2003-08-07,32.38999938964844,0.005142098,0
2003-08-08,32.18000030517578,0.005276806,0
2003-08-11,32.0099983215332,0.005610784,0
2003-08-12,31.920000076293945,0.0060599344,0
2003-08-13,30.780000686645508,0.0069981785,0
2003-08-14,31.09000015258789,0.008007379,0
2003-08-15,31.049999237060547,0.008068185,0
2003-08-18,30.889999389648438,0.008371452,0
2003-08-19,30.700000762939453,0.008352314,0
2003-08-20,30.950000762939453,0.008419705,0
2003-08-21,31.8799991607666,0.007565722,0
2003-08-22,31.84000015258789,0.0068800277,0
2003-08-25,31.559999465942383,0.00640627,0
2003-08-26,31.950000762939453,0.0057944497,0
2003-08-27,31.209999084472656,0.006086449,0
2003-08-28,31.5,0.006175089,0
2003-08-29,31.56999969482422,0.0062656375,0
2003-09-02,29.40999984741211,0.007556764,0
2003-09-03,29.489999771118164,0.008777201,0
2003-09-04,28.979999542236328,0.010103356,0
2003-09-05,28.8799991607666,0.010559308,0
2003-09-08,28.850000381469727,0.010600076,0
2003-09-09,29.18000030517578,0.010230837,0
2003-09-10,29.350000381469727,0.009160509,0
2003-09-11,28.81999969482422,0.008743316,0
2003-09-12,28.270000457763672,0.008141161,0
2003-09-15,28.139999389648438,0.00717927,0
2003-09-16,27.559999465942383,0.007603444,0
2003-09-17,27.030000686645508,0.008068296,0
2003-09-18,27.170000076293945,0.008418858,0
2003-09-19,27.030000686645508,0.008657019,0
2003-09-22,26.959999084472656,0.008733256,0
2003-09-23,27.1299991607666,0.008318128,0
2003-09-24,28.239999771118164,0.0071637854,0
2003-09-25,28.290000915527344,0.006304813,0
2003-09-26,28.15999984741211,0.005796022,0
2003-09-29,28.399999618530273,0.005317485,0
2003-09-30,29.200000762939453,0.004975606,0
2003-10-01,29.389999389648438,0.0048490437,0
2003-10-02,29.84000015258789,0.0047220765,0
2003-10-03,30.399999618530273,0.004611525,0
2003-10-06,30.469999313354492,0.004624487,0
2003-10-07,30.40999984741211,0.0047629494,0
2003-10-08,29.809999465942383,0.0050019138,0
2003-10-09,31.010000228881836,0.0050064176,0
2003-10-10,31.969999313354492,0.0049836035,0
2003-10-13,31.950000762939453,0.0050108787,0
2003-10-14,31.81999969482422,0.005029735,0
2003-10-15,31.770000457763672,0.0051847715,0
2003-10-16,31.540000915527344,0.0054698796,0
2003-10-17,30.68000030517578,0.006042857,0
2003-10-20,30.350000381469727,0.0067527606,0
2003-10-21,30.18000030517578,0.0074998513,0
2003-10-22,29.920000076293945,0.008671062,0
2003-10-23,30.299999237060547,0.0090747345,0
2003-10-24,30.15999984741211,0.008822292,0
2003-10-27,29.920000076293945,0.008503298,0
2003-10-28,29.559999465942383,0.008274506,0
2003-10-29,28.90999984741211,0.008195622,0
2003-10-30,28.469999313354492,0.008174999,0
2003-10-31,29.110000610351562,0.008016877,0
2003-11-03,28.899999618530273,0.007945664,0
2003-11-04,28.75,0.00787613,0
2003-11-05,30.299999237060547,0.007217949,0
2003-11-06,30.260000228881836,0.0064419927,0
2003-11-07,30.850000381469727,0.0056906748,0
2003-11-10,30.8799991607666,0.0051691514,0
2003-11-11,31.149999618530273,0.004817591,0
2003-11-12,31.329999923706055,0.004761593,0
2003-11-13,31.899999618530273,0.004831233,0
2003-11-14,32.369998931884766,0.004739764,0
2003-11-17,31.729999542236328,0.0049434947,0
2003-11-18,33.279998779296875,0.005068327,0
2003-11-19,32.91999816894531,0.0050634393,0
2003-11-20,32.86000061035156,0.005262389,0
2003-11-21,31.610000610351562,0.0058787838,0
2003-11-24,29.739999771118164,0.0076954872,0
2003-11-25,29.770000457763672,0.00932553,0
2003-11-26,30.40999984741211,0.010278249,0
2003-12-01,29.950000762939453,0.01096686,0
2003-12-02,30.780000686645508,0.010439528,0
2003-12-03,31.100000381469727,0.010125557,0
2003-12-04,31.260000228881836,0.008592672,0
2003-12-05,30.729999542236328,0.007531509,0
2003-12-08,32.099998474121094,0.0059294538,0
2003-12-09,31.760000228881836,0.005154441,0
2003-12-10,31.8799991607666,0.0052246726,0
2003-12-11,31.850000381469727,0.0054276907,0
2003-12-12,33.040000915527344,0.005229696,0
2003-12-15,33.18000030517578,0.005317944,0
2003-12-16,32.88999938964844,0.005406118,0
2003-12-17,33.349998474121094,0.0053897663,0
2003-12-18,33.709999084472656,0.00531087,0
2003-12-19,33.02000045776367,0.005897795,0
2003-12-22,31.8700008392334,0.006579864,0
2003-12-23,31.950000762939453,0.0074043856,0
2003-12-24,32.86000061035156,0.007711233,0
2003-12-29,32.400001525878906,0.008412929,0
2003-12-30,32.790000915527344,0.0082545625,0
2003-12-31,32.52000045776367,0.0080478825,0
2004-01-05,33.779998779296875,0.007570442,0
2004-01-06,33.70000076293945,0.007000953,0
2004-01-07,33.619998931884766,0.0062325904,0
2004-01-08,33.97999954223633,0.0057136496,0
2004-01-09,34.310001373291016,0.005767578,0
2004-01-12,34.720001220703125,0.0059578307,0
2004-01-13,34.43000030517578,0.005907295,0
2004-01-14,34.5,0.006236586,0
2004-01-15,33.439998626708984,0.0069162985,0
2004-01-16,35.06999969482422,0.0073339855,0
2004-01-20,36.20000076293945,0.006917006,0
2004-01-21,34.58000183105469,0.007194452,0
2004-01-22,34.93000030517578,0.0075319232,0
2004-01-23,34.939998626708984,0.0078123948,0
2004-01-26,34.470001220703125,0.008283963,0
2004-01-27,34.119998931884766,0.008586567,0
2004-01-28,33.619998931884766,0.00935567,0
2004-01-29,32.810001373291016,0.010235918,0
2004-01-30,33.04999923706055,0.011671978,0
2004-02-02,34.97999954223633,0.010980186,0
2004-02-03,34.099998474121094,0.009362342,0
2004-02-04,33.099998474121094,0.0095805945,0
2004-02-05,33.08000183105469,0.009390344,0
2004-02-06,32.47999954223633,0.009277637,0
2004-02-09,32.83000183105469,0.009039734,0
2004-02-10,33.869998931884766,0.0083496785,0
2004-02-11,34.0,0.007820967,0
2004-02-12,33.97999954223633,0.007828377,0
2004-02-13,34.560001373291016,0.007909811,0
2004-02-17,35.15999984741211,0.0065812236,0
2004-02-18,35.45000076293945,0.0058053024,0
2004-02-19,36.0,0.0056321286,0
2004-02-20,35.599998474121094,0.0056202067,0
2004-02-23,34.349998474121094,0.006531842,0
2004-02-24,34.58000183105469,0.0075781196,0
2004-02-25,35.68000030517578,0.00778547,0
2004-02-26,35.5099983215332,0.008064933,0
2004-02-27,36.15999984741211,0.008288653,0
2004-03-01,36.86000061035156,0.008202873,0
2004-03-02,36.65999984741211,0.00802278,0
2004-03-03,35.79999923706055,0.00825611,0
2004-03-04,36.63999938964844,0.0077817785,0
2004-03-05,37.2599983215332,0.0072510303,0
2004-03-08,36.56999969482422,0.007874159,0
2004-03-09,36.279998779296875,0.008946782,0
2004-03-10,36.099998474121094,0.009485243,0
2004-03-11,36.779998779296875,0.009955942,0
2004-03-12,36.189998626708984,0.0104710655,0
2004-03-15,37.439998626708984,0.009819378,0
2004-03-16,37.47999954223633,0.009190337,0
2004-03-17,38.18000030517578,0.009227753,0
2004-03-18,37.93000030517578,0.00912903,0
2004-03-19,38.08000183105469,0.0084805805,0
2004-03-22,37.11000061035156,0.008886564,0
2004-03-23,37.45000076293945,0.009321337,0
2004-03-24,37.0099983215332,0.010435829,0
2004-03-25,35.5099983215332,0.011885875,0
2004-03-26,35.72999954223633,0.013744449,0
2004-03-29,35.45000076293945,0.014509482,0
2004-03-30,36.25,0.014499742,0
2004-03-31,35.7599983215332,0.013771626,0
2004-04-01,34.27000045776367,0.014086788,0
2004-04-02,34.38999938964844,0.013324012,0
2004-04-05,34.380001068115234,0.013140677,0
2004-04-06,34.970001220703125,0.011827006,0
2004-04-07,36.150001525878906,0.00985654,0
2004-04-08,37.13999938964844,0.00901136,0
2004-04-12,37.84000015258789,0.007995869,0
2004-04-13,37.209999084472656,0.0077385,0
2004-04-14,36.720001220703125,0.0072205723,0
2004-04-15,37.56999969482422,0.0066223256,0
2004-04-16,37.7400016784668,0.0070274374,0
2004-04-19,37.41999816894531,0.00769846,0
2004-04-20,37.599998474121094,0.0086315395,0
2004-04-21,35.72999954223633,0.010800008,0
2004-04-22,36.709999084472656,0.011813713,0
2004-04-23,36.459999084472656,0.012344179,0
2004-04-26,36.970001220703125,0.011696266,0
2004-04-27,37.529998779296875,0.011118536,0
2004-04-28,37.459999084472656,0.011206861,0
2004-04-29,37.310001373291016,0.01080821,0
2004-04-30,37.380001068115234,0.010106363,0
2004-05-03,38.209999084472656,0.00953877,0
2004-05-04,38.97999954223633,0.008214696,0
2004-05-05,39.56999969482422,0.008508655,0
2004-05-06,39.369998931884766,0.008427,0
2004-05-07,39.93000030517578,0.00866917,0
2004-05-10,38.93000030517578,0.009350656,0
2004-05-11,40.060001373291016,0.009354059,0
2004-05-12,40.77000045776367,0.009333885,0
2004-05-13,41.08000183105469,0.00953468,0
2004-05-14,41.380001068115234,0.010037265,0
2004-05-17,41.54999923706055,0.0104183275,0
2004-05-18,40.540000915527344,0.011165558,0
2004-05-19,41.5,0.011137124,0
2004-05-20,40.91999816894531,0.011853387,0
2004-05-21,39.93000030517578,0.012656115,0
2004-05-24,41.720001220703125,0.013348137,0
2004-05-25,41.13999938964844,0.013918765,0
2004-05-26,40.70000076293945,0.014354458,0
2004-05-27,39.439998626708984,0.015401798,0
2004-05-28,39.880001068115234,0.015659038,0
2004-06-01,42.33000183105469,0.014044523,0
2004-06-02,39.959999084472656,0.01487315,0
2004-06-03,39.279998779296875,0.015144052,0
2004-06-04,38.4900016784668,0.015988994,0
2004-06-07,38.65999984741211,0.017565962,1
2004-06-08,37.279998779296875,0.018129338,1
2004-06-09,37.540000915527344,0.01820396,1
2004-06-10,38.45000076293945,0.017204009,1
2004-06-14,37.59000015258789,0.017720373,1
2004-06-15,37.189998626708984,0.018421387,1
2004-06-16,37.31999969482422,0.01509921,0
2004-06-17,38.459999084472656,0.013275631,0
2004-06-18,38.75,0.011693028,0
2004-06-21,37.630001068115234,0.01154498,0
2004-06-22,38.11000061035156,0.01060724,0
2004-06-23,37.56999969482422,0.011162474,0
2004-06-24,37.93000030517578,0.01158123,0
2004-06-25,37.54999923706055,0.01122571,0
2004-06-28,36.2400016784668,0.01230078,0
2004-06-29,35.65999984741211,0.013936815,0
2004-06-30,37.04999923706055,0.0144146355,0
2004-07-01,38.7400016784668,0.013027489,0
2004-07-02,38.38999938964844,0.011305498,0
2004-07-06,39.650001525878906,0.010473062,0
2004-07-07,39.08000183105469,0.009530158,0
2004-07-08,40.33000183105469,0.008991057,0
2004-07-09,39.959999084472656,0.008474479,0
2004-07-12,39.5,0.008326344,0
2004-07-13,39.439998626708984,0.009021925,0
2004-07-14,40.970001220703125,0.009834399,0
2004-07-15,40.77000045776367,0.0107797375,0
2004-07-16,41.25,0.010622031,0
2004-07-19,41.63999938964844,0.011083496,0
2004-07-20,40.86000061035156,0.011125679,0
2004-07-21,40.58000183105469,0.012136528,0
2004-07-22,41.36000061035156,0.011885622,0
2004-07-23,41.709999084472656,0.011803841,0
2004-07-26,41.439998626708984,0.012286356,0
2004-07-27,41.84000015258789,0.013084682,0
2004-07-28,42.900001525878906,0.012520991,0
2004-07-29,42.75,0.0124640195,0
2004-07-30,43.79999923706055,0.011970949,0
2004-08-02,43.81999969482422,0.011319268,0
2004-08-03,44.150001525878906,0.011283222,0
2004-08-04,42.83000183105469,0.012367756,0
2004-08-05,44.40999984741211,0.012512443,0
2004-08-06,43.95000076293945,0.012849836,0
2004-08-09,44.84000015258789,0.013171846,0
2004-08-10,44.52000045776367,0.013792349,0
2004-08-11,44.79999923706055,0.013887621,0
2004-08-12,45.5,0.014038789,0
2004-08-13,46.58000183105469,0.0134329675,0
2004-08-16,46.04999923706055,0.013304202,0
2004-08-17,46.75,0.0128704505,0
2004-08-18,47.27000045776367,0.0131522985,0
2004-08-19,48.70000076293945,0.012621222,0
2004-08-20,47.86000061035156,0.0127623575,0
2004-08-23,46.04999923706055,0.013708187,0
2004-08-24,45.209999084472656,0.015390679,0
2004-08-25,43.470001220703125,0.018423626,1
2004-08-26,43.099998474121094,0.021226378,1
2004-08-27,43.18000030517578,0.022922536,1
2004-08-30,42.279998779296875,0.025234882,1
2004-08-31,42.119998931884766,0.026547607,1
2004-09-01,44.0,0.025091797,1
2004-09-02,44.060001373291016,0.021412728,1
2004-09-03,43.9900016784668,0.017885875,1
2004-09-07,43.310001373291016,0.016174816,0
2004-09-08,42.77000045776367,0.01508629,0
2004-09-09,44.61000061035156,0.014257437,0
2004-09-10,42.810001373291016,0.014798333,0
2004-09-13,43.869998931884766,0.014524427,0
2004-09-14,44.38999938964844,0.014663063,0
2004-09-15,43.58000183105469,0.015707096,0
2004-09-16,43.880001068115234,0.015467795,0
2004-09-17,45.59000015258789,0.014410627,0
2004-09-20,46.349998474121094,0.013351525,0
2004-09-21,47.099998474121094,0.012776846,0
2004-09-22,48.349998474121094,0.012710589,0
2004-09-23,48.459999084472656,0.011958288,0
2004-09-24,48.880001068115234,0.0121221095,0
2004-09-27,49.63999938964844,0.012013488,0
2004-09-28,49.900001525878906,0.01192485,0
2004-09-29,49.5099983215332,0.012155422,0
2004-09-30,49.63999938964844,0.01228749,0
2004-10-01,50.119998931884766,0.012346841,0
2004-10-04,49.90999984741211,0.012559773,0
2004-10-05,51.09000015258789,0.012330485,0
2004-10-06,52.02000045776367,0.011902124,0
2004-10-07,52.66999816894531,0.011480373,0
2004-10-08,53.310001373291016,0.011025283,0
2004-10-11,53.63999938964844,0.010591609,0
2004-10-12,52.5099983215332,0.010591259,0
2004-10-13,53.63999938964844,0.010326309,0
2004-10-14,54.7599983215332,0.009859506,0
2004-10-15,54.93000030517578,0.009488636,0
2004-10-18,53.66999816894531,0.009317954,0
2004-10-19,53.290000915527344,0.009501537,0
2004-10-20,54.91999816894531,0.009153615,0
2004-10-21,54.470001220703125,0.009024588,0
2004-10-22,55.16999816894531,0.008707416,0
2004-10-25,54.540000915527344,0.00885597,0
2004-10-26,55.16999816894531,0.008641398,0
2004-10-27,52.459999084472656,0.009810495,0
2004-10-28,50.91999816894531,0.0118090715,0
2004-10-29,51.7599983215332,0.012783098,0
2004-11-01,50.130001068115234,0.015014869,0
2004-11-02,49.619998931884766,0.0170326,1
2004-11-03,50.880001068115234,0.017221278,1
2004-11-04,48.81999969482422,0.01870539,1
2004-11-05,49.61000061035156,0.01833887,1
2004-11-08,49.09000015258789,0.017785462,1
2004-11-09,47.369998931884766,0.017522436,1
2004-11-10,48.86000061035156,0.016901249,1
2004-11-11,47.41999816894531,0.01762524,1
2004-11-12,47.31999969482422,0.017566398,1
2004-11-15,46.869998931884766,0.018168349,1
2004-11-16,46.11000061035156,0.019140415,1
2004-11-17,46.84000015258789,0.018341025,1
2004-11-18,46.220001220703125,0.018703394,1
2004-11-19,48.439998626708984,0.016965505,1
2004-11-22,48.63999938964844,0.015488478,0
2004-11-23,48.939998626708984,0.014803998,0
2004-11-24,49.439998626708984,0.013427089,0
2004-11-29,49.7599983215332,0.012778183,0
2004-11-30,49.130001068115234,0.012578942,0
2004-12-01,45.4900016784668,0.014983061,0
2004-12-02,43.25,0.019576963,1
2004-12-03,42.540000915527344,0.024263011,1
2004-12-06,42.97999954223633,0.027696285,1
2004-12-07,41.459999084472656,0.031166181,1
2004-12-08,41.939998626708984,0.032473665,1
2004-12-09,42.529998779296875,0.031551145,1
2004-12-10,40.709999084472656,0.03044818,1
2004-12-13,41.0099983215332,0.026144143,1
2004-12-14,41.81999969482422,0.019734472,1
2004-12-15,44.189998626708984,0.015723191,0
2004-12-16,44.18000030517578,0.014002502,0
2004-12-17,46.279998779296875,0.012812694,0
2004-12-20,45.63999938964844,0.011558012,0
2004-12-21,45.7599983215332,0.011620913,0
2004-12-22,44.2400016784668,0.012332199,0
2004-12-23,44.18000030517578,0.012714459,0
2004-12-27,41.31999969482422,0.01623474,1
2004-12-28,41.77000045776367,0.019239366,1
2004-12-29,43.63999938964844,0.020458404,1
2004-12-30,43.45000076293945,0.020549837,1
2005-01-03,42.119998931884766,0.02171693,1
2005-01-04,43.90999984741211,0.019424384,1
2005-01-05,43.38999938964844,0.017863328,1
2005-01-06,45.560001373291016,0.014840439,0
2005-01-07,45.43000030517578,0.013426146,0
2005-01-10,45.33000183105469,0.011958602,0
2005-01-11,45.68000030517578,0.012419423,0
2005-01-12,46.369998931884766,0.012873714,0
2005-01-13,48.040000915527344,0.012311076,0
2005-01-14,48.380001068115234,0.012020427,0
2005-01-18,48.380001068115234,0.012349726,0
2005-01-19,47.54999923706055,0.012738034,0
2005-01-20,46.90999984741211,0.013652079,0
2005-01-21,48.529998779296875,0.01345821,0
2005-01-24,48.810001373291016,0.01340138,0
2005-01-25,49.63999938964844,0.013255688,0
2005-01-26,48.779998779296875,0.013554958,0
2005-01-27,48.84000015258789,0.013787612,0
2005-01-28,47.18000030517578,0.014708589,0
2005-01-31,48.20000076293945,0.014716971,0
2005-02-01,47.119998931884766,0.015423288,0
2005-02-02,46.689998626708984,0.016606038,1
2005-02-03,46.45000076293945,0.01790455,1
2005-02-04,46.47999954223633,0.018498149,1
2005-02-07,45.279998779296875,0.019608248,1
2005-02-08,45.400001525878906,0.019544218,1
2005-02-09,45.459999084472656,0.019364748,1
2005-02-10,47.099998474121094,0.017674446,1
2005-02-11,47.15999984741211,0.016916746,1
2005-02-14,47.439998626708984,0.0154354405,0
2005-02-15,47.2599983215332,0.0147204865,0
2005-02-16,48.33000183105469,0.013863593,0
2005-02-17,47.540000915527344,0.013604648,0
2005-02-18,48.349998474121094,0.013109624,0
2005-02-22,51.150001525878906,0.012582786,0
2005-02-23,51.16999816894531,0.012285325,0
2005-02-24,51.38999938964844,0.012005125,0
2005-02-25,51.4900016784668,0.0117370095,0
2005-02-28,51.75,0.011587159,0
2005-03-01,51.68000030517578,0.011572475,0
2005-03-02,53.04999923706055,0.011221792,0
2005-03-03,53.56999969482422,0.0110294875,0
2005-03-04,53.779998779296875,0.01059018,0
2005-03-07,53.88999938964844,0.009912858,0
2005-03-08,54.59000015258789,0.009485227,0
2005-03-09,54.77000045776367,0.009095519,0
2005-03-10,53.540000915527344,0.009191817,0
2005-03-11,54.43000030517578,0.009009739,0
2005-03-14,54.95000076293945,0.00881881,0
2005-03-15,55.04999923706055,0.008507709,0
2005-03-16,56.459999084472656,0.008021435,0
2005-03-17,56.400001525878906,0.0077012293,0
2005-03-18,56.720001220703125,0.007401365,0
2005-03-21,56.619998931884766,0.0071089403,0
2005-03-22,56.029998779296875,0.0070939274,0
2005-03-23,53.810001373291016,0.00837039,0
2005-03-24,54.84000015258789,0.008724421,0
2005-03-28,54.04999923706055,0.009542915,0
2005-03-29,54.22999954223633,0.010138896,0
2005-03-30,53.9900016784668,0.010609975,0
2005-03-31,55.400001525878906,0.010099658,0
2005-04-01,57.27000045776367,0.00901588,0
2005-04-04,57.0099983215332,0.008099182,0
2005-04-05,56.040000915527344,0.007627086,0
2005-04-06,55.849998474121094,0.0075660697,0
2005-04-07,54.11000061035156,0.008312237,0
2005-04-08,53.31999969482422,0.009595303,0
2005-04-11,53.709999084472656,0.01045048,0
2005-04-12,51.86000061035156,0.012585156,0
2005-04-13,50.220001220703125,0.015645534,0
2005-04-14,51.130001068115234,0.016736176,1
2005-04-15,50.4900016784668,0.017178994,1
2005-04-18,50.369998931884766,0.017110664,1
2005-04-19,52.290000915527344,0.015618061,0
2005-04-20,52.439998626708984,0.01396575,0
2005-04-21,54.20000076293945,0.0124151055,0
2005-04-22,55.38999938964844,0.011087437,0
2005-04-25,54.56999969482422,0.0100991195,0
2005-04-26,54.20000076293945,0.009867356,0
2005-04-27,51.61000061035156,0.010685084,0
2005-04-28,51.77000045776367,0.011578483,0
2005-04-29,49.720001220703125,0.013912724,0
2005-05-02,50.91999816894531,0.014864716,0
2005-05-03,49.5,0.016966613,1
2005-05-04,50.130001068115234,0.017932389,1
2005-05-05,50.83000183105469,0.017509295,1
2005-05-06,50.959999084472656,0.01607206,0
2005-05-09,52.029998779296875,0.014119851,0
2005-05-10,52.06999969482422,0.0123918075,0
2005-05-11,50.45000076293945,0.012437716,0
2005-05-12,48.540000915527344,0.013678146,0
2005-05-13,48.66999816894531,0.01489454,0
2005-05-16,48.61000061035156,0.015812192,0
2005-05-17,48.970001220703125,0.016528726,1
2005-05-18,47.25,0.018299673,1
2005-05-19,46.91999816894531,0.019673666,1
2005-05-20,46.79999923706055,0.02042118,1
2005-05-23,49.15999984741211,0.018337533,1
2005-05-24,49.66999816894531,0.015827801,0
2005-05-25,50.97999954223633,0.013974997,0
2005-05-26,51.0099983215332,0.013178909,0
2005-05-27,51.849998474121094,0.012376637,0
2005-05-31,51.970001220703125,0.011772938,0
2005-06-01,54.599998474121094,0.011350352,0
2005-06-02,53.630001068115234,0.011244804,0
2005-06-03,55.029998779296875,0.0109340865,0
2005-06-06,54.4900016784668,0.010044073,0
2005-06-07,53.7599983215332,0.009832216,0
2005-06-08,52.540000915527344,0.010099857,0
2005-06-09,54.279998779296875,0.009878044,0
2005-06-10,53.540000915527344,0.010018756,0
2005-06-13,55.619998931884766,0.009574564,0
2005-06-14,55.0,0.0091417935,0
2005-06-15,55.56999969482422,0.00873708,0
2005-06-16,56.58000183105469,0.0080799,0
2005-06-17,58.470001220703125,0.007440281,0
2005-06-20,59.369998931884766,0.0071830736,0
2005-06-21,58.900001525878906,0.0070160246,0
2005-06-22,58.09000015258789,0.00633953,0
2005-06-23,59.41999816894531,0.006019805,0
2005-06-24,59.84000015258789,0.005142858,0
2005-06-27,60.540000915527344,0.0048348233,0
2005-06-28,58.20000076293945,0.00474386,0
2005-06-29,57.2599983215332,0.0050162626,0
2005-06-30,56.5,0.0057126135,0
2005-07-01,58.75,0.005492119,0
2005-07-05,59.59000015258789,0.00511175,0
2005-07-06,61.279998779296875,0.00471573,0
2005-07-07,60.72999954223633,0.0043067895,0
2005-07-08,59.630001068115234,0.0041911886,0
2005-07-11,58.91999816894531,0.004260526,0
2005-07-12,60.619998931884766,0.004006258,0
2005-07-13,60.0099983215332,0.0040056426,0
2005-07-14,57.79999923706055,0.004639878,0
2005-07-15,58.09000015258789,0.004544657,0
2005-07-18,57.31999969482422,0.0053257844,0
2005-07-19,57.459999084472656,0.0058489665,0
2005-07-20,56.720001220703125,0.0063743526,0
2005-07-21,57.130001068115234,0.006529381,0
2005-07-22,58.650001525878906,0.006174719,0
2005-07-25,59.0,0.005677167,0
2005-07-26,59.20000076293945,0.0049268,0
2005-07-27,59.11000061035156,0.004489064,0
2005-07-28,59.939998626708984,0.004142078,0
2005-07-29,60.56999969482422,0.0038970835,0
2005-08-01,61.56999969482422,0.0036631904,0
2005-08-02,61.88999938964844,0.0035364,0
2005-08-03,60.86000061035156,0.0031016183,0
2005-08-04,61.380001068115234,0.0025079944,0
2005-08-05,62.310001373291016,0.0022270626,0
2005-08-08,63.939998626708984,0.0021506855,0
2005-08-09,63.06999969482422,0.0019952045,0
2005-08-10,64.9000015258789,0.0018071163,0
2005-08-11,65.80000305175781,0.0018856346,0
2005-08-12,66.86000061035156,0.0022014335,0
2005-08-15,66.2699966430664,0.0024085997,0
2005-08-16,66.08000183105469,0.0025799132,0
2005-08-17,63.25,0.0021844138,0
2005-08-18,63.27000045776367,0.0018293401,0
2005-08-19,65.3499984741211,0.0014204348,0
2005-08-22,65.44999694824219,0.0013898218,0
2005-08-23,65.70999908447266,0.0009382412,0
2005-08-24,67.31999969482422,0.0009453379,0
2005-08-25,67.48999786376953,0.0009987328,0
2005-08-26,66.12999725341797,0.0009423214,0
2005-08-29,67.19999694824219,0.0011521092,0
2005-08-30,69.80999755859375,0.0023117804,0
2005-08-31,68.94000244140625,0.0021622428,0
2005-09-01,69.47000122070312,0.001666715,0
2005-09-02,67.56999969482422,0.0014899201,0
2005-09-06,65.95999908447266,0.0014284141,0
2005-09-07,64.37000274658203,0.001868265,0
2005-09-08,64.48999786376953,0.0025142017,0
2005-09-09,64.08000183105469,0.0031830582,0
2005-09-12,63.33000183105469,0.003750161,0
2005-09-13,63.11000061035156,0.004097724,0
2005-09-14,65.08999633789062,0.0029818655,0
2005-09-15,64.75,0.0020871703,0
2005-09-16,63.0,0.001137038,0
2005-09-19,67.38999938964844,0.00095904584,0
2005-09-20,66.2300033569336,0.0009978878,0
2005-09-21,66.80000305175781,0.0012121941,0
2005-09-22,66.5,0.0014076908,0
2005-09-23,64.19000244140625,0.0016061863,0
2005-09-26,65.81999969482422,0.0014854451,0
2005-09-27,65.06999969482422,0.001149599,0
2005-09-28,66.3499984741211,0.0012346674,0
2005-09-29,66.79000091552734,0.0012613565,0
2005-09-30,66.23999786376953,0.00040185935,0
2005-10-03,65.47000122070312,0.00034474547,0
2005-10-04,63.900001525878906,0.0006182363,0
2005-10-05,62.790000915527344,0.0011940846,0
2005-10-06,61.36000061035156,0.0022809363,0
2005-10-07,61.84000015258789,0.0027765962,0
2005-10-10,61.79999923706055,0.0031737983,0
2005-10-11,63.529998779296875,0.0029642694,0
2005-10-12,64.12000274658203,0.0024318076,0
2005-10-13,63.08000183105469,0.0018036213,0
2005-10-14,62.630001068115234,0.0013349733,0
2005-10-17,64.36000061035156,0.0009760267,0
2005-10-18,63.20000076293945,0.0009974224,0
2005-10-19,62.40999984741211,0.0012080423,0
2005-10-20,61.029998779296875,0.0015255066,0
2005-10-21,60.630001068115234,0.002005266,0
2005-10-24,60.31999969482422,0.0024531584,0
2005-10-25,62.439998626708984,0.0022699442,0
2005-10-26,60.65999984741211,0.0025032372,0
2005-10-27,61.09000015258789,0.0025957355,0
2005-10-28,61.220001220703125,0.0025383257,0
2005-10-31,59.7599983215332,0.0025946326,0
2005-11-01,59.849998474121094,0.0026767184,0
2005-11-02,59.75,0.0028196026,0
2005-11-03,61.779998779296875,0.0025783975,0
2005-11-04,60.58000183105469,0.0026266114,0
2005-11-07,59.470001220703125,0.0029096962,0
2005-11-08,59.709999084472656,0.002922974,0
2005-11-09,58.93000030517578,0.0033329376,0
2005-11-10,57.79999923706055,0.004155396,0
2005-11-11,57.529998779296875,0.004947926,0
2005-11-14,57.689998626708984,0.0055125873,0
2005-11-15,56.97999954223633,0.006299863,0
2005-11-16,57.880001068115234,0.0063422634,0
2005-11-17,56.33000183105469,0.0066173486,0
2005-11-18,56.13999938964844,0.0070262305,0
2005-11-21,57.70000076293945,0.00663391,0
2005-11-22,58.84000015258789,0.0058724354,0
2005-11-23,58.709999084472656,0.0054063126,0
2005-11-28,57.36000061035156,0.00551306,0
2005-11-29,56.5,0.005971379,0
2005-11-30,57.31999969482422,0.0060169287,0
2005-12-01,58.470001220703125,0.0056275437,0
2005-12-02,59.31999969482422,0.005356309,0
2005-12-05,59.90999984741211,0.0049439888,0
2005-12-06,59.939998626708984,0.0043482976,0
2005-12-07,59.209999084472656,0.0041391635,0
2005-12-08,60.65999984741211,0.0038193031,0
2005-12-09,59.38999938964844,0.0039530536,0
2005-12-12,61.29999923706055,0.0037617688,0
2005-12-13,61.369998931884766,0.0031078453,0
2005-12-14,60.849998474121094,0.0026409272,0
2005-12-15,59.9900016784668,0.0025904912,0
2005-12-16,58.060001373291016,0.00343303,0
2005-12-19,57.33000183105469,0.0045820964,0
2005-12-20,57.97999954223633,0.005214927,0
2005-12-21,58.560001373291016,0.0053509977,0
2005-12-22,58.279998779296875,0.0056020496,0
2005-12-23,58.43000030517578,0.00563835,0
2005-12-27,58.15999984741211,0.0054787714,0
2005-12-28,59.81999969482422,0.0046407655,0
2005-12-29,60.31999969482422,0.0039700465,0
2005-12-30,61.040000915527344,0.0036355597,0
2006-01-03,63.13999938964844,0.0036454063,0
2006-01-04,63.41999816894531,0.003455874,0
2006-01-05,62.790000915527344,0.0032226995,0
2006-01-06,64.20999908447266,0.0032933732,0
2006-01-09,63.5,0.0031583689,0
2006-01-10,63.369998931884766,0.0028668311,0
2006-01-11,63.939998626708984,0.0019144246,0
2006-01-12,63.939998626708984,0.0014070253,0
2006-01-13,63.91999816894531,0.00086934847,0
2006-01-17,66.30999755859375,0.000596929,0
2006-01-18,65.7300033569336,0.00065232714,0
2006-01-19,66.83000183105469,0.00094489974,0
2006-01-20,68.3499984741211,0.0014143917,0
2006-01-23,68.0999984741211,0.001946228,0
2006-01-24,67.05999755859375,0.001918983,0
2006-01-25,65.8499984741211,0.001657973,0
2006-01-26,66.26000213623047,0.0015124194,0
2006-01-27,67.76000213623047,0.0012742187,0
2006-01-30,68.3499984741211,0.0007786242,0
2006-01-31,67.91999816894531,0.000788757,0
2006-02-01,66.55999755859375,0.00054169324,0
2006-02-02,64.68000030517578,0.0008505735,0
2006-02-03,65.37000274658203,0.00097341015,0
2006-02-06,65.11000061035156,0.0011625538,0
2006-02-07,63.09000015258789,0.001963171,0
2006-02-08,62.54999923706055,0.0026703752,0
2006-02-09,62.619998931884766,0.0030453077,0
2006-02-10,61.84000015258789,0.003261489,0
2006-02-13,61.2400016784668,0.0031788633,0
2006-02-14,59.56999969482422,0.0036477812,0
2006-02-15,57.70000076293945,0.0052254037,0
2006-02-16,58.459999084472656,0.00620863,0
2006-02-17,59.880001068115234,0.0056980043,0
2006-02-21,61.099998474121094,0.004557431,0
2006-02-22,61.0099983215332,0.0040265927,0
2006-02-23,60.540000915527344,0.0036629247,0
2006-02-24,62.90999984741211,0.0030623693,0
2006-02-27,61.0,0.0028404784,0
2006-02-28,61.40999984741211,0.0027562096,0
2006-03-01,61.970001220703125,0.002797501,0
2006-03-02,63.36000061035156,0.0022424443,0
2006-03-03,63.66999816894531,0.0017014553,0
2006-03-06,62.40999984741211,0.0014800758,0
2006-03-07,61.58000183105469,0.0016426627,0
2006-03-08,60.02000045776367,0.002238902,0
2006-03-09,60.470001220703125,0.002352177,0
2006-03-10,59.959999084472656,0.0028529516,0
2006-03-13,61.77000045776367,0.0026729077,0
2006-03-14,63.099998474121094,0.002417048,0
2006-03-15,62.16999816894531,0.002256797,0
2006-03-16,63.58000183105469,0.001925583,0
2006-03-17,62.77000045776367,0.0016643524,0
2006-03-20,60.41999816894531,0.0021384594,0
2006-03-21,60.56999969482422,0.0025801868,0
2006-03-22,61.77000045776367,0.0023832058,0
2006-03-23,63.90999984741211,0.0021404456,0
2006-03-24,64.26000213623047,0.0016652399,0
2006-03-27,64.16000366210938,0.0015332138,0
2006-03-28,66.06999969482422,0.001870006,0
2006-03-29,66.44999694824219,0.0021765865,0
2006-03-30,67.1500015258789,0.0028892686,0
2006-03-31,66.62999725341797,0.0034685354,0
2006-04-03,66.73999786376953,0.0029381637,0
2006-04-04,66.2300033569336,0.0018306484,0
2006-04-05,67.06999969482422,0.0010028381,0
2006-04-06,67.94000244140625,0.000967668,0
2006-04-07,67.38999938964844,0.0007615284,0
2006-04-10,68.73999786376953,0.00043825136,0
2006-04-11,68.9800033569336,0.0005355324,0
2006-04-12,68.62000274658203,0.0005529738,0
2006-04-13,69.31999969482422,0.00081031304,0
2006-04-17,70.4000015258789,0.0012115134,0
2006-04-18,71.3499984741211,0.00178407,0
2006-04-19,72.16999816894531,0.002103791,0
2006-04-20,71.94999694824219,0.0022033365,0
2006-04-21,75.16999816894531,0.0038623125,0
2006-04-24,73.33000183105469,0.0035712165,0
2006-04-25,72.87999725341797,0.003364047,0
2006-04-26,71.93000030517578,0.002798351,0
2006-04-27,70.97000122070312,0.0019772865,0
2006-04-28,71.87999725341797,0.0013810885,0
2006-05-01,73.69999694824219,0.0011470434,0
2006-05-02,74.61000061035156,0.0011391727,0
2006-05-03,72.27999877929688,0.0009530876,0
2006-05-04,69.94000244140625,0.001460418,0
2006-05-05,70.19000244140625,0.0014301024,0
2006-05-08,69.7699966430664,0.001797541,0
2006-05-09,70.69000244140625,0.0019564056,0
2006-05-10,72.12999725341797,0.0020298488,0
2006-05-11,73.31999969482422,0.0019888121,0
2006-05-12,72.04000091552734,0.0017846327,0
2006-05-15,69.41000366210938,0.0018292239,0
2006-05-16,69.52999877929688,0.0014876626,0
2006-05-17,68.69999694824219,0.0018150458,0
2006-05-18,69.44999694824219,0.0019510805,0
2006-05-19,68.52999877929688,0.00221916,0
2006-05-22,69.2300033569336,0.002184998,0
2006-05-23,71.76000213623047,0.002212565,0
2006-05-24,69.86000061035156,0.0017822055,0
2006-05-25,71.31999969482422,0.0012493322,0
2006-05-26,71.37000274658203,0.0012468124,0
2006-05-30,72.02999877929688,0.0015497353,0
2006-05-31,71.29000091552734,0.001649924,0
2006-06-01,70.33999633789062,0.0014467821,0
2006-06-02,72.33000183105469,0.0016494378,0
2006-06-05,72.5999984741211,0.001334766,0
2006-06-06,72.5,0.000983644,0
2006-06-07,70.81999969482422,0.000997007,0
2006-06-08,70.3499984741211,0.0007667631,0
2006-06-09,71.62999725341797,0.000800979,0
2006-06-12,70.36000061035156,0.000888463,0
2006-06-13,68.55999755859375,0.0013709065,0
2006-06-14,69.13999938964844,0.001614163,0
2006-06-15,69.5,0.0016045757,0
2006-06-16,69.87999725341797,0.0014833933,0
2006-06-19,68.9800033569336,0.0012730686,0
2006-06-20,68.94000244140625,0.00094398065,0
2006-06-21,70.33000183105469,0.00086964853,0
2006-06-22,70.83999633789062,0.00086217106,0
2006-06-23,70.87000274658203,0.0008038113,0
2006-06-26,71.80000305175781,0.0011945262,0
2006-06-27,71.91999816894531,0.0012898289,0
2006-06-28,72.19000244140625,0.0014107323,0
2006-06-29,73.5199966430664,0.0019203506,0
2006-06-30,73.9800033569336,0.0024722905,0
2006-07-05,75.19000244140625,0.0026894216,0
2006-07-06,75.13999938964844,0.0021441597,0
2006-07-07,74.08999633789062,0.0017283285,0
2006-07-10,73.61000061035156,0.0013719278,0
2006-07-11,74.16000366210938,0.0010262879,0
2006-07-12,74.94999694824219,0.0008557414,0
2006-07-13,76.69999694824219,0.0008229388,0
2006-07-14,77.02999877929688,0.0007267158,0
2006-07-17,75.30000305175781,0.000587825,0
2006-07-18,73.54000091552734,0.00087364874,0
2006-07-19,72.66000366210938,0.001394021,0
2006-07-20,73.08000183105469,0.0015767098,0
2006-07-21,74.43000030517578,0.0014336102,0
2006-07-24,75.05000305175781,0.0011952965,0
2006-07-25,73.75,0.0011115859,0
2006-07-26,73.94000244140625,0.0011982003,0
2006-07-27,74.54000091552734,0.0009832822,0
2006-07-28,73.23999786376953,0.0005700431,0
2006-07-31,74.4000015258789,0.00045448745,0
2006-08-01,74.91000366210938,0.00040528007,0
2006-08-02,75.80999755859375,0.00031036808,0
2006-08-03,75.45999908447266,0.0002875953,0
2006-08-04,74.76000213623047,0.00038559083,0
2006-08-07,76.9800033569336,0.0006209334,0
2006-08-08,76.30999755859375,0.00069620204,0
2006-08-09,76.3499984741211,0.00079372246,0
2006-08-10,74.0,0.0008069809,0
2006-08-11,74.3499984741211,0.0006951089,0
2006-08-14,73.52999877929688,0.0009192626,0
2006-08-15,73.05000305175781,0.0013100725,0
2006-08-16,71.88999938964844,0.0017907541,0
2006-08-17,70.05999755859375,0.00280695,0
2006-08-18,71.13999938964844,0.003224016,0
2006-08-21,72.44999694824219,0.0024114852,0
2006-08-22,72.62999725341797,0.0017723326,0
2006-08-23,71.76000213623047,0.00096839946,0
2006-08-24,72.36000061035156,0.00084410113,0
2006-08-25,72.51000213623047,0.00066292734,0
2006-08-28,70.61000061035156,0.0007509651,0
2006-08-29,69.70999908447266,0.0010625282,0
2006-08-30,70.02999877929688,0.001283543,0
2006-08-31,70.26000213623047,0.0011673932,0
2006-09-01,69.19000244140625,0.00137781,0
2006-09-04,68.0199966430664,0.0017932629,0
2006-09-05,68.5999984741211,0.001795443,0
2006-09-06,67.5,0.0019122667,0
2006-09-07,67.31999969482422,0.001682487,0
2006-09-08,66.25,0.0014479535,0
2006-09-11,65.61000061035156,0.0016601436,0
2006-09-12,63.7599983215332,0.0024999175,0
2006-09-13,63.970001220703125,0.002774647,0
2006-09-14,63.220001220703125,0.0028399988,0
2006-09-15,63.33000183105469,0.0026818074,0
2006-09-18,63.79999923706055,0.0023522503,0
2006-09-19,61.65999984741211,0.002362216,0
2006-09-20,60.459999084472656,0.0029280777,0
2006-09-21,61.59000015258789,0.0025782627,0
2006-09-22,60.54999923706055,0.0026496246,0
2006-09-25,61.45000076293945,0.0023769606,0
2006-09-26,61.0099983215332,0.0024796873,0
2006-09-27,62.959999084472656,0.002110638,0
2006-09-28,62.7599983215332,0.0018594505,0
2006-09-29,62.90999984741211,0.0015792844,0
2006-10-02,61.029998779296875,0.0016439868,0
2006-10-03,58.68000030517578,0.0028493383,0
2006-10-04,59.40999984741211,0.0033425656,0
2006-10-05,60.029998779296875,0.0035878676,0
2006-10-06,59.7599983215332,0.0038086406,0
2006-10-09,59.959999084472656,0.0039960416,0
2006-10-10,58.52000045776367,0.0046897554,0
2006-10-11,57.59000015258789,0.0053560436,0
2006-10-12,57.86000061035156,0.0054679518,0
2006-10-13,58.56999969482422,0.0048809955,0
2006-10-16,59.939998626708984,0.0044096364,0
2006-10-17,58.93000030517578,0.0043589137,0
2006-10-18,57.650001525878906,0.004788243,0
2006-10-19,58.5,0.0046844212,0
2006-10-20,56.81999969482422,0.0053119035,0
2006-10-23,58.810001373291016,0.00502216,0
2006-10-24,59.349998474121094,0.0047764843,0
2006-10-25,61.400001525878906,0.0043260716,0
2006-10-26,60.36000061035156,0.0039952854,0
2006-10-27,60.75,0.0036801188,0
2006-10-30,58.36000061035156,0.004089712,0
2006-10-31,58.72999954223633,0.0044260547,0
2006-11-01,58.709999084472656,0.004508607,0
2006-11-02,57.880001068115234,0.005139016,0
2006-11-03,59.13999938964844,0.004637514,0
2006-11-06,60.02000045776367,0.004346964,0
2006-11-07,58.93000030517578,0.0043504117,0
2006-11-08,59.83000183105469,0.0039009475,0
2006-11-09,61.15999984741211,0.0034351244,0
2006-11-10,59.59000015258789,0.0033928747,0
2006-11-13,58.58000183105469,0.003705534,0
2006-11-14,58.279998779296875,0.004112986,0
2006-11-15,58.7599983215332,0.004323495,0
2006-11-16,56.2599983215332,0.005558466,0
2006-11-17,55.810001373291016,0.006978712,0
2006-11-20,58.79999923706055,0.006584494,0
2006-11-21,60.16999816894531,0.0059927907,0
2006-11-22,59.2400016784668,0.0055715116,0
2006-11-27,60.31999969482422,0.004784332,0
2006-11-28,60.9900016784668,0.0043669012,0
2006-11-29,62.459999084472656,0.004226395,0
2006-11-30,63.130001068115234,0.0042195036,0
2006-12-01,63.43000030517578,0.0044984412,0
2006-12-04,62.439998626708984,0.0038317977,0
2006-12-05,62.43000030517578,0.0023730572,0
2006-12-06,62.189998626708984,0.0020656572,0
2006-12-07,62.4900016784668,0.0020071117,0
2006-12-08,62.029998779296875,0.0015238083,0
2006-12-11,61.220001220703125,0.0014839529,0
2006-12-12,61.02000045776367,0.0015626501,0
2006-12-13,61.369998931884766,0.001657783,0
2006-12-14,62.5099983215332,0.0014694197,0
2006-12-15,63.43000030517578,0.0012468961,0
2006-12-18,62.209999084472656,0.0012340773,0
2006-12-19,63.150001525878906,0.0011458674,0
2006-12-20,63.720001220703125,0.0010867289,0
2006-12-21,62.65999984741211,0.0011534551,0
2006-12-22,62.40999984741211,0.0012688601,0
2006-12-26,61.099998474121094,0.0015503791,0
2006-12-27,60.34000015258789,0.0019571572,0
2006-12-28,60.529998779296875,0.0022391859,0
2006-12-29,61.04999923706055,0.0023753787,0
2007-01-02,61.04999923706055,0.0024464473,0
2007-01-03,58.31999969482422,0.0037053742,0
2007-01-04,55.59000015258789,0.0065193786,0
2007-01-05,56.310001373291016,0.0077570616,0
2007-01-08,56.09000015258789,0.008809149,0
2007-01-09,55.63999938964844,0.009592217,0
2007-01-10,54.02000045776367,0.011509292,0
2007-01-11,51.880001068115234,0.014841383,0
2007-01-12,52.9900016784668,0.015684051,0
2007-01-16,51.209999084472656,0.016628664,1
2007-01-17,52.2400016784668,0.015199557,0
2007-01-18,50.47999954223633,0.015944684,0
2007-01-19,51.9900016784668,0.015646357,0
2007-01-22,51.130001068115234,0.01535895,0
2007-01-23,55.040000915527344,0.013084346,0
2007-01-24,55.369998931884766,0.011237418,0
2007-01-25,54.22999954223633,0.010506683,0
2007-01-26,55.41999816894531,0.009842811,0
2007-01-29,54.0099983215332,0.00974135,0
2007-01-30,56.970001220703125,0.009060218,0
2007-01-31,58.13999938964844,0.008857132,0
2007-02-01,57.29999923706055,0.008126075,0
2007-02-02,59.02000045776367,0.007807036,0
2007-02-05,58.7400016784668,0.0063496926,0
2007-02-06,58.880001068115234,0.0059750536,0
2007-02-07,57.709999084472656,0.006082555,0
2007-02-08,59.709999084472656,0.005439253,0
2007-02-09,59.88999938964844,0.0051629725,0
2007-02-12,57.810001373291016,0.0045554456,0
2007-02-13,59.060001373291016,0.0043079895,0
2007-02-14,58.0,0.004664077,0
2007-02-15,57.9900016784668,0.004726945,0
2007-02-16,59.38999938964844,0.0044698007,0
2007-02-20,58.06999969482422,0.0046740817,0
2007-02-21,60.06999969482422,0.00438329,0
2007-02-22,60.95000076293945,0.003829193,0
2007-02-23,61.13999938964844,0.0034823455,0
2007-02-26,61.38999938964844,0.0033435083,0
2007-02-27,61.459999084472656,0.0029980855,0
2007-02-28,61.790000915527344,0.0029156066,0
2007-03-01,62.0,0.0026015847,0
2007-03-02,61.63999938964844,0.0022252148,0
2007-03-05,60.06999969482422,0.0025847321,0
2007-03-06,60.689998626708984,0.0021170105,0
2007-03-07,61.81999969482422,0.0018730651,0
2007-03-08,61.63999938964844,0.0017892348,0
2007-03-09,60.04999923706055,0.002137202,0
2007-03-12,58.90999984741211,0.0028965573,0
2007-03-13,57.93000030517578,0.0040136143,0
2007-03-14,58.15999984741211,0.004711016,0
2007-03-15,57.54999923706055,0.005456155,0
2007-03-16,57.11000061035156,0.0062671667,0
2007-03-19,56.59000015258789,0.007251731,0
2007-03-20,56.72999954223633,0.0076775937,0
2007-03-21,59.61000061035156,0.0064589344,0
2007-03-22,61.689998626708984,0.005284965,0
2007-03-23,62.279998779296875,0.0048397495,0
2007-03-26,62.90999984741211,0.004842215,0
2007-03-27,62.93000030517578,0.0048231957,0
2007-03-28,64.08000183105469,0.005048021,0
2007-03-29,66.02999877929688,0.0056983223,0
2007-03-30,65.87000274658203,0.0059665297,0
2007-04-02,65.94000244140625,0.0050465637,0
2007-04-03,64.63999938964844,0.0026017975,0
2007-04-04,64.37999725341797,0.001537701,0
2007-04-05,64.27999877929688,0.0012374037,0
2007-04-09,61.5099983215332,0.0017479479,0
2007-04-10,61.88999938964844,0.002153451,0
2007-04-11,62.0099983215332,0.002349382,0
2007-04-12,63.849998474121094,0.0021356368,0
2007-04-13,63.630001068115234,0.0018064675,0
2007-04-16,63.61000061035156,0.0014447618,0
2007-04-17,63.099998474121094,0.0011144747,0
2007-04-18,63.130001068115234,0.0009910597,0
2007-04-19,61.83000183105469,0.001158025,0
2007-04-20,63.380001068115234,0.0011187376,0
2007-04-23,65.88999938964844,0.001154383,0
2007-04-24,64.58000183105469,0.0010119404,0
2007-04-25,65.83999633789062,0.0008736008,0
2007-04-26,65.05999755859375,0.00091152114,0
2007-04-27,66.45999908447266,0.0011548578,0
2007-04-30,65.70999908447266,0.0013013411,0
2007-05-01,64.4000015258789,0.001340566,0
2007-05-02,63.68000030517578,0.001485805,0
2007-05-03,63.189998626708984,0.0011107812,0
2007-05-04,61.93000030517578,0.0015095422,0
2007-05-07,61.470001220703125,0.0021810078,0
2007-05-08,62.2599983215332,0.0023852503,0
2007-05-09,61.54999923706055,0.002604635,0
2007-05-10,61.810001373291016,0.0025936032,0
2007-05-11,62.369998931884766,0.0019320002,0
2007-05-14,62.459999084472656,0.0014151838,0
2007-05-15,63.16999816894531,0.0011027679,0
2007-05-16,62.54999923706055,0.000996355,0
2007-05-17,64.86000061035156,0.0010489261,0
2007-05-18,64.94000244140625,0.0011548157,0
2007-05-21,66.2699966430664,0.0013911024,0
2007-05-22,64.97000122070312,0.001485286,0
2007-05-23,65.7699966430664,0.0014200348,0
2007-05-24,64.18000030517578,0.0012283515,0
2007-05-25,65.19999694824219,0.0011099664,0
2007-05-29,63.150001525878906,0.0011295702,0
2007-05-30,63.4900016784668,0.0011991697,0
2007-05-31,64.01000213623047,0.0008124537,0
2007-06-01,65.08000183105469,0.0007106242,0
2007-06-04,66.20999908447266,0.0006407744,0
2007-06-05,65.61000061035156,0.0005253463,0
2007-06-06,65.95999908447266,0.0005094864,0
2007-06-07,66.93000030517578,0.00073930173,0
2007-06-08,64.76000213623047,0.000760783,0
2007-06-11,65.97000122070312,0.0009970379,0
2007-06-12,65.3499984741211,0.000801111,0
2007-06-13,66.26000213623047,0.000568323,0
2007-06-14,67.6500015258789,0.0004626288,0
2007-06-15,68.0,0.0005097809,0
2007-06-18,69.08999633789062,0.00094377995,0
2007-06-19,69.0999984741211,0.0011845927,0
2007-06-20,68.19000244140625,0.0012276637,0
2007-06-21,68.6500015258789,0.0015863378,0
2007-06-22,69.13999938964844,0.0013597723,0
2007-06-25,69.18000030517578,0.0013979283,0
2007-06-26,67.7699966430664,0.00089167553,0
2007-06-27,68.97000122070312,0.0005521742,0
2007-06-28,69.56999969482422,0.0005234585,0
2007-06-29,70.68000030517578,0.00064758456,0
2007-07-02,71.08999633789062,0.0009454687,0
2007-07-03,71.41000366210938,0.0013114044,0
2007-07-05,71.80999755859375,0.0015336445,0
2007-07-06,72.80999755859375,0.0020050649,0
2007-07-09,72.19000244140625,0.002177469,0
2007-07-10,72.80999755859375,0.0024462286,0
2007-07-11,72.55999755859375,0.0017385135,0
2007-07-12,72.5,0.0011882972,0
2007-07-13,73.93000030517578,0.00089158164,0
2007-07-16,74.1500015258789,0.0008051805,0
2007-07-17,74.0199966430664,0.00065626286,0
2007-07-18,75.05000305175781,0.0006784292,0
2007-07-19,75.91999816894531,0.00091847463,0
2007-07-20,75.56999969482422,0.0010496357,0
2007-07-23,74.88999938964844,0.00091929286,0
2007-07-24,73.55999755859375,0.0008563452,0
2007-07-25,75.87999725341797,0.00070818595,0
2007-07-26,74.94999694824219,0.00048381105,0
2007-07-27,77.0199966430664,0.00061458314,0
2007-07-30,76.83000183105469,0.0005729479,0
2007-07-31,78.20999908447266,0.0008927599,0
2007-08-01,76.52999877929688,0.0010491955,0
2007-08-02,76.86000061035156,0.0012243429,0
2007-08-03,75.4800033569336,0.0012924231,0
2007-08-06,72.05999755859375,0.0021206993,0
2007-08-07,72.41999816894531,0.0027546189,0
2007-08-08,72.1500015258789,0.0032536897,0
2007-08-09,71.58999633789062,0.0040619867,0
2007-08-10,71.47000122070312,0.0041684504,0
2007-08-13,71.62000274658203,0.0039811702,0
2007-08-14,72.37999725341797,0.002509021,0
2007-08-15,73.33000183105469,0.0018042704,0
2007-08-16,71.0,0.0009694461,0
2007-08-17,71.9800033569336,0.00043698176,0
2007-08-20,71.12000274658203,0.0004934762,0
2007-08-21,69.47000122070312,0.0008787713,0
2007-08-22,69.26000213623047,0.0012604,0
2007-08-23,69.83000183105469,0.0014448047,0
2007-08-24,71.08999633789062,0.0014872333,0
2007-08-27,71.97000122070312,0.0015003667,0
2007-08-28,71.7300033569336,0.0013792744,0
2007-08-29,73.51000213623047,0.0015654378,0
2007-08-30,73.36000061035156,0.0018175438,0
2007-08-31,74.04000091552734,0.0023611165,0
2007-09-04,75.08000183105469,0.0031169234,0
2007-09-05,75.7300033569336,0.0030995999,0
2007-09-06,76.30000305175781,0.0027121976,0
2007-09-07,76.69999694824219,0.0022849515,0
2007-09-10,77.48999786376953,0.0022552442,0
2007-09-11,78.2300033569336,0.0023151946,0
2007-09-12,79.91000366210938,0.0027109534,0
2007-09-13,80.08999633789062,0.0031847074,0
2007-09-14,79.0999984741211,0.0027751501,0
2007-09-17,80.56999969482422,0.0027435627,0
2007-09-18,81.51000213623047,0.0029465335,0
2007-09-19,81.93000030517578,0.0030106124,0
2007-09-20,83.31999969482422,0.0033082585,0
2007-09-21,81.62000274658203,0.002593511,0
2007-09-24,80.94999694824219,0.0019153499,0
2007-09-25,79.52999877929688,0.0017451657,0
2007-09-26,80.30000305175781,0.0014639398,0
2007-09-27,82.87999725341797,0.0011010971,0
2007-09-28,81.66000366210938,0.00082045107,0
2007-10-01,80.23999786376953,0.0008520173,0
2007-10-02,80.05000305175781,0.0010890639,0
2007-10-03,79.94000244140625,0.0017789269,0
2007-10-04,81.44000244140625,0.0013525861,0
2007-10-05,81.22000122070312,0.0011907602,0
2007-10-08,79.0199966430664,0.00064003275,0
2007-10-09,80.26000213623047,0.0005839719,0
2007-10-10,81.30000305175781,0.0015142979,0
2007-10-11,83.08000183105469,0.0017722482,0
2007-10-12,83.69000244140625,0.0021514432,0
2007-10-15,86.12999725341797,0.0038824168,0
2007-10-16,87.61000061035156,0.0061528785,0
2007-10-17,87.4000015258789,0.007941433,0
2007-10-18,89.47000122070312,0.01030616,0
2007-10-19,88.5999984741211,0.00979895,0
2007-10-22,87.55999755859375,0.0073790224,0
2007-10-23,85.2699966430664,0.004789827,0
2007-10-24,87.0999984741211,0.002888179,0
2007-10-25,90.45999908447266,0.0021525146,0
2007-10-26,91.86000061035156,0.0026926168,0
2007-10-29,93.52999877929688,0.004508697,0
2007-10-30,90.37999725341797,0.0044930885,0
2007-10-31,94.52999877929688,0.0071850056,0
2007-11-01,93.48999786376953,0.0081527075,0
2007-11-02,95.93000030517578,0.0094134305,0
2007-11-05,93.9800033569336,0.0075062052,0
2007-11-06,96.69999694824219,0.005522318,0
2007-11-07,96.37000274658203,0.004090346,0
2007-11-08,95.45999908447266,0.00359303,0
2007-11-09,96.31999969482422,0.003563888,0
2007-11-12,94.62000274658203,0.0026637919,0
2007-11-13,91.16999816894531,0.001989407,0
2007-11-14,94.08999633789062,0.0015910795,0
2007-11-15,93.43000030517578,0.0014540347,0
2007-11-16,95.0999984741211,0.0009733445,0
2007-11-19,94.63999938964844,0.0012034185,0
2007-11-20,98.02999877929688,0.0021751104,0
2007-11-21,97.29000091552734,0.002908884,0
2007-11-23,98.18000030517578,0.004399012,0
2007-11-26,97.69999694824219,0.004991463,0
2007-11-27,94.41999816894531,0.004377447,0
2007-11-28,90.62000274658203,0.004143658,0
2007-11-29,91.01000213623047,0.004382622,0
2007-11-30,88.70999908447266,0.0056815073,0
2007-12-03,89.30999755859375,0.006183871,0
2007-12-04,88.31999969482422,0.00794899,0
2007-12-05,87.48999786376953,0.008184655,0
2007-12-06,90.2300033569336,0.007859036,0
2007-12-07,88.27999877929688,0.0066660247,0
2007-12-10,87.86000061035156,0.003638203,0
2007-12-11,90.0199966430664,0.0015627339,0
2007-12-12,94.38999938964844,0.003933625,0
2007-12-13,92.25,0.0039346684,0
2007-12-14,91.2699966430664,0.0043871473,0
2007-12-17,90.62999725341797,0.004011954,0
2007-12-18,90.48999786376953,0.0033374995,0
2007-12-19,91.23999786376953,0.0035007247,0
2007-12-20,91.05999755859375,0.0024100353,0
2007-12-21,93.30999755859375,0.0013427057,0
2007-12-24,94.12999725341797,0.0011397225,0
2007-12-26,95.97000122070312,0.003392066,0
2007-12-27,96.62000274658203,0.0045048394,0
2007-12-28,96.0,0.0052524186,0
2007-12-31,95.9800033569336,0.00540914,0
2008-01-02,99.62000274658203,0.0069131455,0
2008-01-03,99.18000030517578,0.0069319615,0
2008-01-04,97.91000366210938,0.0057287305,0
2008-01-07,95.08999633789062,0.0036221426,0
2008-01-08,96.33000183105469,0.002599128,0
2008-01-09,95.66999816894531,0.0019000979,0
2008-01-10,93.70999908447266,0.0019643446,0
2008-01-11,92.69000244140625,0.0021089434,0
2008-01-14,94.19999694824219,0.0017602934,0
2008-01-15,91.9000015258789,0.0026580426,0
2008-01-16,90.83999633789062,0.0030018042,0
2008-01-17,90.12999725341797,0.0028511675,0
2008-01-18,90.56999969482422,0.0018846381,0
2008-01-22,89.8499984741211,0.0026704941,0
2008-01-23,86.98999786376953,0.0035547253,0
2008-01-24,89.41000366210938,0.00239924,0
2008-01-25,90.70999908447266,0.001932978,0
2008-01-28,90.98999786376953,0.0027803176,0
2008-01-29,91.63999938964844,0.001959505,0
2008-01-30,92.33000183105469,0.002194009,0
2008-01-31,91.75,0.0024728053,0
2008-02-01,88.95999908447266,0.0030279635,0
2008-02-04,90.0199966430664,0.0027914778,0
2008-02-05,88.41000366210938,0.0014482343,0
2008-02-06,87.13999938964844,0.001383255,0
2008-02-07,88.11000061035156,0.0015381109,0
2008-02-08,91.7699966430664,0.001650067,0
2008-02-11,93.58999633789062,0.0029413006,0
2008-02-12,92.77999877929688,0.0041823178,0
2008-02-13,93.2699966430664,0.0050989506,0
2008-02-14,95.45999908447266,0.006304613,0
2008-02-15,95.5,0.007872324,0
2008-02-19,100.01000213623047,0.011616839,0
2008-02-20,100.73999786376953,0.013398464,0
2008-02-21,98.2300033569336,0.010708803,0
2008-02-22,98.80999755859375,0.00830975,0
2008-02-25,99.2300033569336,0.0076316097,0
2008-02-26,100.87999725341797,0.0078570405,0
2008-02-27,99.63999938964844,0.0061945682,0
2008-02-28,102.58999633789062,0.005232153,0
2008-02-29,101.83999633789062,0.004687979,0
2008-03-03,102.44999694824219,0.0032464429,0
2008-03-04,99.5199966430664,0.003020422,0
2008-03-05,104.5199966430664,0.005367225,0
2008-03-06,105.47000122070312,0.0066710026,0
2008-03-07,105.1500015258789,0.0073300996,0
2008-03-10,107.9000015258789,0.009041087,0
2008-03-11,108.75,0.012478791,0
2008-03-12,109.91999816894531,0.013676316,0
2008-03-13,110.33000183105469,0.01711582,1
2008-03-14,110.20999908447266,0.017890567,1
2008-03-17,105.68000030517578,0.017891724,1
2008-03-18,109.41999816894531,0.012426933,0
2008-03-19,104.4800033569336,0.010506447,0
2008-03-20,101.83999633789062,0.010603833,0
2008-03-24,100.86000061035156,0.009445431,0
2008-03-25,101.22000122070312,0.009648463,0
2008-03-26,105.9000015258789,0.008893705,0
2008-03-27,107.58000183105469,0.008629905,0
2008-03-28,105.62000274658203,0.0066783554,0
2008-03-31,101.58000183105469,0.007150157,0
2008-04-01,100.9800033569336,0.0055278596,0
2008-04-02,104.83000183105469,0.006524702,0
2008-04-03,103.83000183105469,0.007532953,0
2008-04-04,106.2300033569336,0.008354319,0
2008-04-07,109.08999633789062,0.010216552,0
2008-04-08,108.5,0.008913574,0
2008-04-09,110.87000274658203,0.011650135,0
2008-04-10,110.11000061035156,0.014922574,0
2008-04-11,110.13999938964844,0.018868495,1
2008-04-14,111.76000213623047,0.020402491,1
2008-04-15,113.79000091552734,0.018447569,1
2008-04-16,114.93000030517578,0.02157482,1
2008-04-17,114.86000061035156,0.019907463,1
2008-04-18,116.69000244140625,0.019227976,1
2008-04-21,117.4800033569336,0.022132995,1
2008-04-22,119.37000274658203,0.022412643,1
2008-04-23,118.30000305175781,0.023508204,1
2008-04-24,116.05999755859375,0.020965984,1
2008-04-25,118.5199966430664,0.018656915,1
2008-04-28,118.75,0.016067777,0
2008-04-29,115.62999725341797,0.012942448,0
2008-04-30,113.45999908447266,0.01187233,0
2008-05-01,112.5199966430664,0.010578677,0
2008-05-02,116.31999969482422,0.011004283,0
2008-05-05,119.97000122070312,0.01170419,0
2008-05-06,121.83999633789062,0.014968703,0
2008-05-07,123.52999877929688,0.020830777,1
2008-05-08,123.69000244140625,0.02253404,1
2008-05-09,125.95999908447266,0.028143864,1
2008-05-12,124.2300033569336,0.032247275,1
2008-05-13,125.80000305175781,0.034231115,1
2008-05-14,124.22000122070312,0.030235758,1
2008-05-15,124.12000274658203,0.020025276,1
2008-05-16,126.29000091552734,0.014588748,0
2008-05-19,127.05000305175781,0.0127769355,0
2008-05-20,129.07000732421875,0.012776134,0
2008-05-21,133.1699981689453,0.017599562,1
2008-05-22,130.80999755859375,0.01682345,1
2008-05-23,132.19000244140625,0.02006171,1
2008-05-27,128.85000610351562,0.017166268,1
2008-05-28,131.02999877929688,0.018450817,1
2008-05-29,126.62000274658203,0.01580378,0
2008-05-30,127.3499984741211,0.012417578,0
2008-06-02,127.76000213623047,0.011639343,0
2008-06-03,124.30999755859375,0.010971582,0
2008-06-04,122.30000305175781,0.010052437,0
2008-06-05,127.79000091552734,0.010349755,0
2008-06-06,138.5399932861328,0.019919598,1
2008-06-09,134.35000610351562,0.02416726,1
2008-06-10,131.30999755859375,0.021607181,1
2008-06-11,136.3800048828125,0.03104653,1
2008-06-12,136.74000549316406,0.033975758,1
2008-06-13,134.86000061035156,0.032344945,1
2008-06-16,134.61000061035156,0.03242654,1
2008-06-17,134.00999450683594,0.029263724,1
2008-06-18,136.67999267578125,0.01829967,1
2008-06-19,131.92999267578125,0.00813752,0
2008-06-20,134.6199951171875,0.009459225,0
2008-06-23,136.74000549316406,0.012370124,0
2008-06-24,137.0,0.009861016,0
2008-06-25,134.5500030517578,0.00859551,0
2008-06-26,139.63999938964844,0.011968183,0
2008-06-27,140.2100067138672,0.015185347,0
2008-06-30,140.0,0.016672608,1
2008-07-01,140.97000122070312,0.016021844,0
2008-07-02,143.57000732421875,0.02276358,1
2008-07-03,145.2899932861328,0.02318864,1
2008-07-07,141.3699951171875,0.019566031,1
2008-07-08,136.0399932861328,0.016851615,1
2008-07-09,136.0500030517578,0.017339973,1
2008-07-10,141.64999389648438,0.015156624,0
2008-07-11,145.0800018310547,0.018174795,1
2008-07-14,145.17999267578125,0.01968516,1
2008-07-15,138.74000549316406,0.01708829,1
2008-07-16,134.60000610351562,0.016893517,1
2008-07-17,129.2899932861328,0.020532038,1
2008-07-18,128.8800048828125,0.02349686,1
2008-07-21,131.0399932861328,0.026928786,1
2008-07-22,127.94999694824219,0.03144031,1
2008-07-23,124.44000244140625,0.036088906,1
2008-07-24,125.48999786376953,0.033788785,1
2008-07-25,123.26000213623047,0.025176039,1
2008-07-28,124.7300033569336,0.014242175,0
2008-07-29,122.19000244140625,0.009953068,0
2008-07-30,126.7699966430664,0.010153311,0
2008-07-31,124.08000183105469,0.010051016,0
2008-08-01,125.0999984741211,0.007462371,0
2008-08-04,121.41000366210938,0.0071171476,0
2008-08-05,119.16999816894531,0.009251611,0
2008-08-06,118.58000183105469,0.009250769,0
2008-08-07,120.0199966430664,0.010856577,0
2008-08-08,115.19999694824219,0.011520928,0
2008-08-11,114.44999694824219,0.014570812,0
2008-08-12,113.01000213623047,0.0133551955,0
2008-08-13,116.0,0.012770845,0
2008-08-14,115.01000213623047,0.009907023,0
2008-08-15,113.7699966430664,0.008556848,0
2008-08-18,112.87000274658203,0.008676834,0
2008-08-19,114.52999877929688,0.009051657,0
2008-08-20,114.9800033569336,0.0074311094,0
2008-08-21,121.18000030517578,0.014696275,0
2008-08-22,114.58999633789062,0.013993393,0
2008-08-25,115.11000061035156,0.015096456,0
2008-08-26,116.2699966430664,0.013400656,0
2008-08-27,118.1500015258789,0.015403291,0
2008-08-28,115.58999633789062,0.015137981,0
2008-08-29,115.45999908447266,0.014748554,0
2008-09-02,109.70999908447266,0.013253416,0
2008-09-03,109.3499984741211,0.01422545,0
2008-09-04,107.88999938964844,0.010590311,0
2008-09-05,106.2300033569336,0.014077234,0
2008-09-08,106.33999633789062,0.014413255,0
2008-09-09,103.26000213623047,0.01511783,0
2008-09-10,102.58000183105469,0.013303788,0
2008-09-11,100.87000274658203,0.011594887,0
2008-09-12,101.18000030517578,0.008047854,0
2008-09-15,95.70999908447266,0.008738284,0
2008-09-16,91.1500015258789,0.01407892,0
2008-09-17,97.16000366210938,0.012293049,0
2008-09-18,97.87999725341797,0.01037174,0
2008-09-19,104.55000305175781,0.010828088,0
2008-09-22,120.91999816894531,0.041122045,1
2008-09-23,106.61000061035156,0.04339511,1
2008-09-24,105.7300033569336,0.045786105,1
2008-09-25,108.0199966430664,0.04904426,1
2008-09-26,106.88999938964844,0.05176277,1
2008-09-29,96.37000274658203,0.050626945,1
2008-09-30,100.63999938964844,0.036912587,1
2008-10-01,98.52999877929688,0.033498902,1
2008-10-02,93.97000122070312,0.03317797,1
2008-10-03,93.87999725341797,0.029647002,1
2008-10-06,87.80999755859375,0.022576177,1
2008-10-07,90.05999755859375,0.023735728,1
2008-10-08,88.94999694824219,0.024415687,1
2008-10-09,86.58999633789062,0.021174643,1
2008-10-10,77.69999694824219,0.022967117,1
2008-10-13,81.19000244140625,0.028666202,1
2008-10-14,78.62999725341797,0.027049582,1
2008-10-15,74.54000091552734,0.026058178,1
2008-10-16,69.8499984741211,0.032374382,1
2008-10-17,71.8499984741211,0.028050993,1
2008-10-20,74.25,0.02868824,1
2008-10-21,70.88999938964844,0.025185768,1
2008-10-22,66.75,0.02092592,1
2008-10-23,67.83999633789062,0.01309195,0
2008-10-24,64.1500015258789,0.016006384,0
2008-10-27,63.220001220703125,0.013987379,0
2008-10-28,62.72999954223633,0.011337009,0
2008-10-29,67.5,0.008958122,0
2008-10-30,65.95999908447266,0.008484178,0
2008-10-31,67.80999755859375,0.006798142,0
2008-11-03,63.90999984741211,0.0034557923,0
2008-11-04,70.52999877929688,0.0032920472,0
2008-11-05,65.30000305175781,0.0033194278,0
2008-11-06,60.77000045776367,0.0050822967,0
2008-11-07,61.040000915527344,0.006462644,0
2008-11-10,62.40999984741211,0.0066846507,0
2008-11-11,59.33000183105469,0.008138547,0
2008-11-12,56.15999984741211,0.011981103,0
2008-11-13,58.2400016784668,0.013261381,0
2008-11-14,57.040000915527344,0.01403251,0
2008-11-17,54.95000076293945,0.017020075,1
2008-11-18,54.38999938964844,0.013134407,0
2008-11-19,53.619998931884766,0.013202049,0
2008-11-20,49.619998931884766,0.01883595,1
2008-11-21,49.93000030517578,0.021690004,1
2008-11-24,54.5,0.017960424,1
2008-11-25,50.77000045776367,0.018263796,1
2008-11-26,54.439998626708984,0.01648974,1
2008-11-28,54.43000030517578,0.013997818,0
2008-12-01,49.279998779296875,0.015255539,0
2008-12-02,46.959999084472656,0.01865455,1
2008-12-03,46.790000915527344,0.021149214,1
2008-12-04,43.66999816894531,0.026759366,1
2008-12-05,40.810001373291016,0.036434706,1
2008-12-08,43.709999084472656,0.039599527,1
2008-12-09,42.06999969482422,0.040463574,1
2008-12-10,43.52000045776367,0.040322516,1
2008-12-11,47.97999954223633,0.031607695,1
2008-12-12,46.279998779296875,0.021961445,1
2008-12-15,44.5099983215332,0.018503044,1
2008-12-16,43.599998474121094,0.017354134,1
2008-12-17,40.060001373291016,0.01848122,1
2008-12-18,36.220001220703125,0.025851706,1
2008-12-19,33.869998931884766,0.03771047,1
2008-12-22,39.90999984741211,0.036918085,1
2008-12-23,38.97999954223633,0.037901003,1
2008-12-24,35.349998474121094,0.04163096,1
2008-12-26,37.709999084472656,0.033662908,1
2008-12-29,40.02000045776367,0.024889551,1
2008-12-30,39.029998779296875,0.018710155,1
2008-12-31,44.599998474121094,0.012412418,0
2009-01-02,46.34000015258789,0.011055034,0
2009-01-05,48.810001373291016,0.012565533,0
2009-01-06,48.58000183105469,0.014351318,0
2009-01-07,42.630001068115234,0.014770609,0
2009-01-08,41.70000076293945,0.01596501,0
2009-01-09,40.83000183105469,0.019375151,1
2009-01-12,37.59000015258789,0.026996696,1
2009-01-13,37.779998779296875,0.033113096,1
2009-01-14,37.279998779296875,0.039812837,1
2009-01-15,35.400001525878906,0.044720765,1
2009-01-16,36.5099983215332,0.04358079,1
2009-01-20,38.7400016784668,0.033556595,1
2009-01-21,43.54999923706055,0.01940753,1
2009-01-22,43.66999816894531,0.01506082,0
2009-01-23,46.470001220703125,0.013075883,0
2009-01-26,45.72999954223633,0.011401335,0
2009-01-27,41.58000183105469,0.012011787,0
2009-01-28,42.15999984741211,0.012743632,0
2009-01-29,41.439998626708984,0.014042142,0
2009-01-30,41.68000030517578,0.016161311,0
2009-02-02,40.08000183105469,0.01991995,1
2009-02-03,40.779998779296875,0.023131514,1
2009-02-04,40.31999969482422,0.023869634,1
2009-02-05,41.16999816894531,0.023589637,1
2009-02-06,40.16999816894531,0.020285519,1
2009-02-09,39.560001373291016,0.01652516,1
2009-02-10,37.54999923706055,0.018564936,1
2009-02-11,35.939998626708984,0.020648545,1
2009-02-12,33.97999954223633,0.024607573,1
2009-02-13,37.5099983215332,0.022524789,1
2009-02-17,34.93000030517578,0.02404176,1
2009-02-18,34.619998931884766,0.023741968,1
2009-02-19,39.47999954223633,0.019977236,1
2009-02-20,38.939998626708984,0.015258792,0
2009-02-23,38.439998626708984,0.012097093,0
2009-02-24,39.959999084472656,0.009046802,0
2009-02-25,42.5,0.008156985,0
2009-02-26,45.220001220703125,0.008573756,0
2009-02-27,44.7599983215332,0.009793608,0
2009-03-02,40.150001525878906,0.010069331,0
2009-03-03,41.650001525878906,0.010832543,0
2009-03-04,45.380001068115234,0.01208422,0
2009-03-05,43.61000061035156,0.012464655,0
2009-03-06,45.52000045776367,0.012730947,0
2009-03-09,47.06999969482422,0.013283538,0
2009-03-10,45.709999084472656,0.014282942,0
2009-03-11,42.33000183105469,0.016825441,1
2009-03-12,47.029998779296875,0.0150344055,0
2009-03-13,46.25,0.013665524,0
2009-03-16,47.349998474121094,0.0142618595,0
2009-03-17,49.15999984741211,0.014351532,0
2009-03-18,48.13999938964844,0.01386715,0
2009-03-19,51.61000061035156,0.013716387,0
2009-03-20,51.060001373291016,0.013283879,0
2009-03-23,53.79999923706055,0.012877075,0
2009-03-24,53.97999954223633,0.013086771,0
2009-03-25,52.77000045776367,0.011888951,0
2009-03-26,54.34000015258789,0.011805014,0
2009-03-27,52.380001068115234,0.011581234,0
2009-03-30,48.40999984741211,0.013985902,0
2009-03-31,49.65999984741211,0.015684213,0
2009-04-01,48.38999938964844,0.017763887,1
2009-04-02,52.63999938964844,0.017116655,1
2009-04-03,52.5099983215332,0.016488645,1
2009-04-06,51.04999923706055,0.01606505,0
2009-04-07,49.150001525878906,0.016522437,1
2009-04-08,49.380001068115234,0.016511181,1
2009-04-09,52.2400016784668,0.0139955385,0
2009-04-13,50.04999923706055,0.013768533,0
2009-04-14,49.40999984741211,0.014712736,0
2009-04-15,49.25,0.015742604,0
2009-04-16,49.97999954223633,0.015863534,0
2009-04-17,50.33000183105469,0.014874391,0
2009-04-20,45.880001068115234,0.01720294,1
2009-04-21,46.5099983215332,0.018796142,1
2009-04-22,48.849998474121094,0.018740566,1
2009-04-23,49.619998931884766,0.018017745,1
2009-04-24,51.54999923706055,0.015458113,0
2009-04-27,50.13999938964844,0.014713438,0
2009-04-28,49.91999816894531,0.014373235,0
2009-04-29,50.970001220703125,0.01367108,0
2009-04-30,51.119998931884766,0.01277266,0
2009-05-01,53.20000076293945,0.011844809,0
2009-05-04,54.470001220703125,0.011458585,0
2009-05-05,53.84000015258789,0.010831477,0
2009-05-06,56.34000015258789,0.010415917,0
2009-05-07,56.709999084472656,0.009805156,0
2009-05-08,58.630001068115234,0.009796982,0
2009-05-11,58.5,0.009306277,0
2009-05-12,58.849998474121094,0.0084237335,0
2009-05-13,58.02000045776367,0.007752943,0
2009-05-14,58.619998931884766,0.0064407513,0
2009-05-15,56.34000015258789,0.006562417,0
2009-05-18,59.029998779296875,0.0061039287,0
2009-05-19,59.650001525878906,0.005003217,0
2009-05-20,62.040000915527344,0.004540726,0
2009-05-21,61.04999923706055,0.0039947643,0
2009-05-22,61.66999816894531,0.0037961986,0
2009-05-26,62.45000076293945,0.0035973291,0
2009-05-27,63.45000076293945,0.0036516045,0
2009-05-28,65.08000183105469,0.003838564,0
2009-05-29,66.30999755859375,0.0047292416,0
2009-06-01,68.58000183105469,0.0047290567,0
2009-06-02,68.55000305175781,0.005155357,0
2009-06-03,66.12000274658203,0.0042408174,0
2009-06-04,68.80999755859375,0.0049264254,0
2009-06-05,68.44000244140625,0.0043045646,0
2009-06-08,68.08999633789062,0.0033136848,0
2009-06-09,70.01000213623047,0.0026903735,0
2009-06-10,71.33000183105469,0.002403662,0
2009-06-11,72.68000030517578,0.0028128396,0
2009-06-12,72.04000091552734,0.0027723024,0
2009-06-15,70.62000274658203,0.002871375,0
2009-06-16,70.47000122070312,0.0030149443,0
2009-06-17,71.02999877929688,0.0020084023,0
2009-06-18,71.37000274658203,0.0020167031,0
2009-06-19,69.55000305175781,0.0017152559,0
2009-06-22,66.93000030517578,0.0019489918,0
2009-06-23,69.23999786376953,0.0019834824,0
2009-06-24,68.66999816894531,0.0020827805,0
2009-06-25,70.2300033569336,0.0017338882,0
2009-06-26,69.16000366210938,0.0014297818,0
2009-06-29,71.48999786376953,0.0015555784,0
2009-06-30,69.88999938964844,0.001387317,0
2009-07-01,69.30999755859375,0.0012295452,0
2009-07-02,66.7300033569336,0.0015397895,0
2009-07-06,64.05000305175781,0.003179896,0
2009-07-07,62.93000030517578,0.0048208907,0
2009-07-08,60.13999938964844,0.008469286,0
2009-07-09,60.40999984741211,0.010966549,0
2009-07-10,59.88999938964844,0.0120694805,0
2009-07-13,59.689998626708984,0.012574896,0
2009-07-14,59.52000045776367,0.010719161,0
2009-07-15,61.540000915527344,0.0079856785,0
2009-07-16,62.02000045776367,0.0047892407,0
2009-07-17,63.560001373291016,0.0028999962,0
2009-07-20,63.97999954223633,0.002321879,0
2009-07-21,64.72000122070312,0.002407489,0
2009-07-22,65.4000015258789,0.0027477145,0
2009-07-23,67.16000366210938,0.0037160858,0
2009-07-24,68.05000305175781,0.0044909623,0
2009-07-27,68.37999725341797,0.0046734856,0
2009-07-28,67.2300033569336,0.0033868705,0
2009-07-29,63.349998474121094,0.0030213096,0
2009-07-30,66.94000244140625,0.002319181,0
2009-07-31,69.44999694824219,0.0025676587,0
2009-08-03,71.58000183105469,0.0034872063,0
2009-08-04,71.41999816894531,0.0039469074,0
2009-08-05,71.97000122070312,0.0043241656,0
2009-08-06,71.94000244140625,0.0048204185,0
2009-08-07,70.93000030517578,0.0050680162,0
2009-08-10,70.5999984741211,0.005434857,0
2009-08-11,69.44999694824219,0.0054061296,0
2009-08-12,70.16000366210938,0.0022173885,0
2009-08-13,70.5199966430664,0.0011325503,0
2009-08-14,67.51000213623047,0.0014965329,0
2009-08-17,66.75,0.0022451556,0
2009-08-18,69.19000244140625,0.0021186585,0
2009-08-19,72.41999816894531,0.0023184484,0
2009-08-20,72.54000091552734,0.0025457335,0
2009-08-21,73.88999938964844,0.0034906093,0
2009-08-24,74.37000274658203,0.004529641,0
2009-08-25,72.05000305175781,0.004426328,0
2009-08-26,71.43000030517578,0.0045204735,0
2009-08-27,72.48999786376953,0.004921395,0
2009-08-28,72.73999786376953,0.0037381954,0
2009-08-31,69.95999908447266,0.0017872418,0
2009-09-01,68.05000305175781,0.0021226064,0
2009-09-02,68.05000305175781,0.0029505512,0
2009-09-03,67.95999908447266,0.0036929273,0
2009-09-04,68.0199966430664,0.003793455,0
2009-09-08,71.0999984741211,0.0029878716,0
2009-09-09,71.30999755859375,0.0027398157,0
2009-09-10,71.94000244140625,0.0026727759,0
2009-09-11,69.29000091552734,0.0020958195,0
2009-09-14,68.86000061035156,0.0016662448,0
2009-09-15,70.93000030517578,0.002052993,0
2009-09-16,72.51000213623047,0.0025347301,0
2009-09-17,72.47000122070312,0.0026565564,0
2009-09-18,72.04000091552734,0.0022222192,0
2009-09-21,69.70999908447266,0.0014274728,0
2009-09-22,71.55000305175781,0.0014767927,0
2009-09-23,68.97000122070312,0.0017423716,0
2009-09-24,65.88999938964844,0.0031956672,0
2009-09-25,66.0199966430664,0.0042908196,0
2009-09-28,66.83999633789062,0.0046402123,0
2009-09-29,66.70999908447266,0.004769054,0
2009-09-30,70.61000061035156,0.004106992,0
2009-10-01,70.81999969482422,0.0034615193,0
2009-10-02,69.94999694824219,0.0027652583,0
2009-10-05,70.41000366210938,0.0027363,0
2009-10-06,70.87999725341797,0.0027565467,0
2009-10-07,69.56999969482422,0.003129375,0
2009-10-08,71.69000244140625,0.0031576804,0
2009-10-09,71.7699966430664,0.0026805885,0
2009-10-12,73.2699966430664,0.0025470383,0
2009-10-13,74.1500015258789,0.0018725332,0
2009-10-14,75.18000030517578,0.0027143422,0
2009-10-15,77.58000183105469,0.004403762,0
2009-10-16,78.52999877929688,0.0056398823,0
2009-10-19,79.61000061035156,0.0069981953,0
2009-10-20,79.08999633789062,0.0071472107,0
2009-10-21,81.37000274658203,0.007242266,0
2009-10-22,81.19000244140625,0.0070752725,0
2009-10-23,80.5,0.005564969,0
2009-10-26,78.68000030517578,0.0037761102,0
2009-10-27,79.55000305175781,0.0021556714,0
2009-10-28,77.45999908447266,0.001271256,0
2009-10-29,79.87000274658203,0.0010643216,0
2009-10-30,77.0,0.0012867351,0
2009-11-02,78.12999725341797,0.0011646271,0
2009-11-03,79.5999984741211,0.0018338289,0
2009-11-04,80.4000015258789,0.0019992033,0
2009-11-05,79.62000274658203,0.0017664166,0
2009-11-06,77.43000030517578,0.0013583999,0
2009-11-09,79.43000030517578,0.0016266825,0
2009-11-10,79.05000305175781,0.001254091,0
2009-11-11,79.27999877929688,0.0016144402,0
2009-11-12,76.94000244140625,0.0009962195,0
2009-11-13,76.3499984741211,0.0011240666,0
2009-11-16,78.9000015258789,0.0014884539,0
2009-11-17,79.13999938964844,0.0018243088,0
2009-11-18,79.58000183105469,0.0016769206,0
2009-11-19,77.45999908447266,0.0011398903,0
2009-11-20,76.72000122070312,0.0015112039,0
2009-11-23,77.55999755859375,0.0015296423,0
2009-11-24,76.0199966430664,0.0018184347,0
2009-11-25,77.95999908447266,0.0013987857,0
2009-11-27,76.05000305175781,0.0012404403,0
2009-11-30,77.27999877929688,0.0014399623,0
2009-12-01,78.37000274658203,0.0014756883,0
2009-12-02,76.5999984741211,0.001411003,0
2009-12-03,76.45999908447266,0.00082306424,0
2009-12-04,75.47000122070312,0.0008337629,0
2009-12-07,73.93000030517578,0.0014284282,0
2009-12-08,72.62000274658203,0.002045263,0
2009-12-09,70.66999816894531,0.0039987843,0
2009-12-10,70.54000091552734,0.004635026,0
2009-12-11,69.87000274658203,0.00576988,0
2009-12-14,69.51000213623047,0.006000167,0
2009-12-15,70.69000244140625,0.0043747323,0
2009-12-16,72.66000366210938,0.0033569932,0
2009-12-17,72.6500015258789,0.002323221,0
2009-12-18,73.36000061035156,0.0017626894,0
2009-12-21,72.47000122070312,0.0015305893,0
2009-12-22,74.4000015258789,0.0021726761,0
2009-12-23,76.66999816894531,0.0034260354,0
2009-12-24,78.05000305175781,0.0048370897,0
2009-12-28,78.7699966430664,0.005506286,0
2009-12-29,78.87000274658203,0.0050282157,0
2009-12-30,79.27999877929688,0.004907437,0
2009-12-31,79.36000061035156,0.0050930036,0
2010-01-04,81.51000213623047,0.005710521,0
2010-01-05,81.7699966430664,0.0053673303,0
2010-01-06,83.18000030517578,0.004324907,0
2010-01-07,82.66000366210938,0.0034752048,0
2010-01-08,82.75,0.0033244225,0
2010-01-11,82.5199966430664,0.0031477627,0
2010-01-12,80.79000091552734,0.0024437723,0
2010-01-13,79.6500015258789,0.0016601002,0
2010-01-14,79.38999938964844,0.0008690387,0
2010-01-15,78.0,0.0012273246,0
2010-01-19,79.0199966430664,0.001339963,0
2010-01-20,77.62000274658203,0.0022809266,0
2010-01-21,76.08000183105469,0.0028655976,0
2010-01-22,74.54000091552734,0.0040396815,0
2010-01-25,75.26000213623047,0.004170059,0
2010-01-26,74.70999908447266,0.0034970096,0
2010-01-27,73.66999816894531,0.0032868427,0
2010-01-28,73.63999938964844,0.0030682902,0
2010-01-29,72.88999938964844,0.0026392015,0
2010-02-01,74.43000030517578,0.0023318545,0
2010-02-02,77.2300033569336,0.001503355,0
2010-02-03,76.9800033569336,0.0011640759,0
2010-02-04,73.13999938964844,0.0011724157,0
2010-02-05,71.19000244140625,0.0021284765,0
2010-02-08,71.88999938964844,0.0025329497,0
2010-02-09,73.75,0.0024640488,0
2010-02-10,74.5199966430664,0.0023756176,0
2010-02-11,75.27999877929688,0.0021728496,0
2010-02-12,74.12999725341797,0.001931973,0
2010-02-16,77.01000213623047,0.0025661131,0
2010-02-17,77.33000183105469,0.0028149965,0
2010-02-18,79.05999755859375,0.0036585382,0
2010-02-19,79.80999755859375,0.0047521973,0
2010-02-22,80.16000366210938,0.0046196855,0
2010-02-23,78.86000061035156,0.0037603811,0
2010-02-24,80.0,0.003681086,0
2010-02-25,78.16999816894531,0.0030594238,0
2010-02-26,79.66000366210938,0.0022354168,0
2010-03-01,78.69999694824219,0.001042819,0
2010-03-02,79.68000030517578,0.000636876,0
2010-03-03,80.87000274658203,0.0008319661,0
2010-03-04,80.20999908447266,0.001047304,0
2010-03-05,81.5,0.0015018241,0
2010-03-08,81.87000274658203,0.0016240794,0
2010-03-09,81.48999786376953,0.0019884123,0
2010-03-10,82.08999633789062,0.0017996276,0
2010-03-11,82.11000061035156,0.0018681571,0
2010-03-12,81.23999786376953,0.0012731145,0
2010-03-15,79.80000305175781,0.00085372245,0
2010-03-16,81.69999694824219,0.00083828066,0
2010-03-17,82.93000030517578,0.0006970602,0
2010-03-18,82.19999694824219,0.0008654705,0
2010-03-19,80.68000030517578,0.0009337644,0
2010-03-22,81.25,0.0008486202,0
2010-03-23,81.91000366210938,0.0011906327,0
2010-03-24,80.61000061035156,0.0013007662,0
2010-03-25,80.52999877929688,0.00092120393,0
2010-03-26,80.0,0.00024184075,0
2010-03-29,82.16999816894531,0.000623481,0
2010-03-30,82.37000274658203,0.0013247594,0
2010-03-31,83.76000213623047,0.001780567,0
2010-04-01,84.87000274658203,0.0023628427,0
2010-04-05,86.62000274658203,0.004217837,0
2010-04-06,86.83999633789062,0.00586819,0
2010-04-07,85.87999725341797,0.0059883883,0
2010-04-08,85.38999938964844,0.005235818,0
2010-04-09,84.91999816894531,0.0035965212,0
2010-04-12,84.33999633789062,0.002258792,0
2010-04-13,84.05000305175781,0.0010765729,0
2010-04-14,85.83999633789062,0.00046746,0
2010-04-15,85.51000213623047,0.0003837171,0
2010-04-16,83.23999786376953,0.0013081429,0
2010-04-19,81.44999694824219,0.0022017541,0
2010-04-20,83.44999694824219,0.0017618915,0
2010-04-21,83.68000030517578,0.0015228136,0
2010-04-22,83.69999694824219,0.001256578,0
2010-04-23,85.12000274658203,0.0011099742,0
2010-04-26,84.19999694824219,0.0011204667,0
2010-04-27,82.44000244140625,0.0022933683,0
2010-04-28,83.22000122070312,0.00245643,0
2010-04-29,85.16999816894531,0.0018056352,0
2010-04-30,86.1500015258789,0.0013991611,0
2010-05-03,86.19000244140625,0.0017396573,0
2010-05-04,82.73999786376953,0.0017663036,0
2010-05-05,79.97000122070312,0.0026852493,0
2010-05-06,77.11000061035156,0.005526232,0
2010-05-07,75.11000061035156,0.007726536,0
2010-05-10,76.80000305175781,0.0075776377,0
2010-05-11,76.37000274658203,0.008785216,0
2010-05-12,75.6500015258789,0.010685556,0
2010-05-13,74.4000015258789,0.011664117,0
2010-05-14,71.61000061035156,0.011389403,0
2010-05-17,70.08000183105469,0.008471166,0
2010-05-18,69.41000366210938,0.0070556914,0
2010-05-19,69.87000274658203,0.005737437,0
2010-05-20,68.01000213623047,0.006214051,0
2010-05-21,70.04000091552734,0.0061073224,0
2010-05-24,70.20999908447266,0.004901345,0
2010-05-25,68.75,0.0036265575,0
2010-05-26,71.51000213623047,0.0021573277,0
2010-05-27,74.55000305175781,0.0024734123,0
2010-05-28,73.97000122070312,0.0032691169,0
2010-06-01,72.58000183105469,0.003454394,0
2010-06-02,72.86000061035156,0.003549079,0
2010-06-03,74.61000061035156,0.0041418127,0
2010-06-04,71.51000213623047,0.0028110319,0
2010-06-07,71.44000244140625,0.002543476,0
2010-06-08,71.98999786376953,0.002117718,0
2010-06-09,74.37999725341797,0.001048864,0
2010-06-10,75.4800033569336,0.0012171448,0
2010-06-11,73.77999877929688,0.0011323991,0
2010-06-14,75.12000274658203,0.0012537116,0
2010-06-15,76.94000244140625,0.0018850263,0
2010-06-16,77.66999816894531,0.0028479944,0
2010-06-17,76.79000091552734,0.0031094528,0
2010-06-18,77.18000030517578,0.0026649144,0
2010-06-21,77.81999969482422,0.0019810053,0
2010-06-22,77.20999908447266,0.0013403015,0
2010-06-23,76.3499984741211,0.0013239618,0
2010-06-24,76.51000213623047,0.0010328138,0
2010-06-25,78.86000061035156,0.0008279579,0
2010-06-28,78.25,0.0008203474,0
2010-06-29,75.94000244140625,0.0009628647,0
2010-06-30,75.62999725341797,0.0009412592,0
2010-07-01,72.94999694824219,0.0019300919,0
2010-07-02,72.13999938964844,0.0032412366,0
2010-07-06,71.9800033569336,0.0039602527,0
2010-07-07,74.06999969482422,0.0035855896,0
2010-07-08,75.44000244140625,0.0032675113,0
2010-07-09,76.08999633789062,0.0032782357,0
2010-07-12,74.94999694824219,0.0022332228,0
2010-07-13,77.1500015258789,0.001736582,0
2010-07-14,77.04000091552734,0.0021712312,0
2010-07-15,76.62000274658203,0.0023095142,0
2010-07-16,76.01000213623047,0.002089302,0
2010-07-19,76.54000091552734,0.0013945048,0
2010-07-20,77.44000244140625,0.000702191,0
2010-07-21,76.55999755859375,0.00054860127,0
2010-07-22,79.30000305175781,0.0010712747,0
2010-07-23,78.9800033569336,0.0011516415,0
2010-07-26,78.9800033569336,0.0013224075,0
2010-07-27,77.5,0.0013551693,0
2010-07-28,76.98999786376953,0.0013425607,0
2010-07-29,78.36000061035156,0.0012823322,0
2010-07-30,78.94999694824219,0.001208551,0
2010-08-02,81.33999633789062,0.0018296854,0
2010-08-03,82.55000305175781,0.0024582555,0
2010-08-04,82.47000122070312,0.0032404575,0
2010-08-05,82.01000213623047,0.003805977,0
2010-08-06,80.69999694824219,0.0040057977,0
2010-08-09,81.4800033569336,0.0036874257,0
2010-08-10,80.25,0.0025042582,0
2010-08-11,78.0199966430664,0.0015386601,0
2010-08-12,75.73999786376953,0.0019429469,0
2010-08-13,75.38999938964844,0.003427482,0
2010-08-16,75.23999786376953,0.004839712,0
2010-08-17,75.7699966430664,0.005299098,0
2010-08-18,75.41999816894531,0.0051915413,0
2010-08-19,74.43000030517578,0.0044532926,0
2010-08-20,73.45999908447266,0.004300573,0
2010-08-23,73.0999984741211,0.0029893296,0
2010-08-24,71.62999725341797,0.0021834292,0
2010-08-25,72.5199966430664,0.0015062089,0
2010-08-26,73.36000061035156,0.0012403022,0
2010-08-27,75.16999816894531,0.001060123,0
2010-08-30,74.69999694824219,0.00096931204,0
2010-08-31,71.91999816894531,0.00097401685,0
2010-09-01,73.91000366210938,0.0008109639,0
2010-09-02,75.0199966430664,0.00097266247,0
2010-09-03,74.5999984741211,0.001106572,0
2010-09-07,74.08999633789062,0.0010161661,0
2010-09-08,74.66999816894531,0.0006403526,0
2010-09-09,74.25,0.00045426734,0
2010-09-10,76.44999694824219,0.0008160539,0
2010-09-13,77.19000244140625,0.0012626961,0
2010-09-14,76.80000305175781,0.0012345625,0
2010-09-15,76.0199966430664,0.0007236354,0
2010-09-16,74.56999969482422,0.0008548588,0
2010-09-17,73.66000366210938,0.0011627099,0
2010-09-20,74.86000061035156,0.0011268378,0
2010-09-21,73.5199966430664,0.0012397986,0
2010-09-22,74.70999908447266,0.0009970993,0
2010-09-23,75.18000030517578,0.0009510464,0
2010-09-24,76.48999786376953,0.0009551663,0
2010-09-27,76.5199966430664,0.0008106824,0
2010-09-28,76.18000030517578,0.0007337082,0
2010-09-29,77.86000061035156,0.0010764792,0
2010-09-30,79.97000122070312,0.0022129198,0
2010-10-01,81.58000183105469,0.0039306832,0
2010-10-04,81.47000122070312,0.004918554,0
2010-10-05,82.81999969482422,0.005681207,0
2010-10-06,83.2300033569336,0.006322491,0
2010-10-07,81.66999816894531,0.005849136,0
2010-10-08,82.66000366210938,0.0053590424,0
2010-10-11,82.20999908447266,0.0036998899,0
2010-10-12,81.66999816894531,0.0016579411,0
2010-10-13,83.01000213623047,0.0008330983,0
2010-10-14,82.69000244140625,0.0006965116,0
2010-10-15,81.25,0.00041894522,0
2010-10-18,83.08000183105469,0.0008810714,0
2010-10-19,79.48999786376953,0.0013786601,0
2010-10-20,81.7699966430664,0.000816619,0
2010-10-21,80.55999755859375,0.0010758938,0
2010-10-22,81.69000244140625,0.000892766,0
2010-10-25,82.5199966430664,0.00084186404,0
2010-10-26,82.55000305175781,0.0014910944,0
2010-10-27,81.94000244140625,0.0015714483,0
2010-10-28,82.18000030517578,0.0013733433,0
2010-10-29,81.43000030517578,0.0020175357,0
2010-11-01,82.94999694824219,0.0009996298,0
2010-11-02,83.9000015258789,0.0014383539,0
2010-11-03,84.69000244140625,0.0014130548,0
2010-11-04,86.48999786376953,0.0024680619,0
2010-11-05,86.8499984741211,0.0037023027,0
2010-11-08,87.05999755859375,0.004621795,0
2010-11-09,86.72000122070312,0.004729205,0
2010-11-10,87.80999755859375,0.0047666235,0
2010-11-11,87.80999755859375,0.0037238593,0
2010-11-12,84.87999725341797,0.0023594683,0
2010-11-15,84.86000061035156,0.0014539241,0
2010-11-16,82.33999633789062,0.0015788169,0
2010-11-17,80.44000244140625,0.0033292337,0
2010-11-18,81.8499984741211,0.0036336568,0
2010-11-19,81.51000213623047,0.0037679982,0
2010-11-22,81.73999786376953,0.0034702388,0
2010-11-23,81.25,0.0040760925,0
2010-11-24,83.86000061035156,0.0038155194,0
2010-11-26,83.76000213623047,0.0023858428,0
2010-11-29,85.7300033569336,0.0036787346,0
2010-11-30,84.11000061035156,0.0032231025,0
2010-12-01,86.75,0.0038085475,0
2010-12-02,88.0,0.0051277224,0
2010-12-03,89.19000244140625,0.006322735,0
2010-12-06,89.37999725341797,0.0066328,0
2010-12-07,88.69000244140625,0.005472674,0
2010-12-08,88.27999877929688,0.0044521107,0
2010-12-09,88.37000274658203,0.0034857313,0
2010-12-10,87.79000091552734,0.002756475,0
2010-12-13,88.61000061035156,0.0011649893,0
2010-12-14,88.27999877929688,0.00037563156,0
2010-12-15,88.62000274658203,0.00035547692,0
2010-12-16,87.69999694824219,0.00082274975,0
2010-12-17,88.0199966430664,0.0010609569,0
2010-12-20,88.80999755859375,0.0009314249,0
2010-12-21,89.81999969482422,0.0010306048,0
2010-12-22,90.4800033569336,0.0013916476,0
2010-12-23,91.51000213623047,0.0017598949,0
2010-12-27,91.0,0.0022826907,0
2010-12-28,91.48999786376953,0.0025785132,0
2010-12-29,91.12000274658203,0.0027085259,0
2010-12-30,89.83999633789062,0.002006822,0
2010-12-31,91.37999725341797,0.0013731184,0
2011-01-03,91.55000305175781,0.00084266765,0
2011-01-04,89.37999725341797,0.0005985816,0
2011-01-05,90.30000305175781,0.0005238189,0
2011-01-06,88.37999725341797,0.0010610174,0
2011-01-07,88.02999877929688,0.0011692069,0
2011-01-10,89.25,0.0013771913,0
2011-01-11,91.11000061035156,0.0012689272,0
2011-01-12,91.86000061035156,0.0010865623,0
2011-01-13,91.4000015258789,0.001999197,0
2011-01-14,91.54000091552734,0.0026317586,0
2011-01-18,91.37999725341797,0.0023409862,0
2011-01-19,90.86000061035156,0.0027600036,0
2011-01-20,88.86000061035156,0.0020248075,0
2011-01-21,89.11000061035156,0.0010777644,0
2011-01-24,87.87000274658203,0.0007943744,0
2011-01-25,86.19000244140625,0.0018939397,0
2011-01-26,87.33000183105469,0.0023048944,0
2011-01-27,85.63999938964844,0.002625533,0
2011-01-28,89.33999633789062,0.0025814434,0
2011-01-31,92.19000244140625,0.003567209,0
2011-02-01,90.7699966430664,0.004020866,0
2011-02-02,90.86000061035156,0.004028118,0
2011-02-03,90.54000091552734,0.0048622102,0
2011-02-04,89.02999877929688,0.0046275784,0
2011-02-07,87.4800033569336,0.0037442618,0
2011-02-08,86.94000244140625,0.003048604,0
2011-02-09,86.70999908447266,0.0014635184,0
2011-02-10,86.7300033569336,0.0015387738,0
2011-02-11,85.58000183105469,0.003152923,0
2011-02-14,84.80999755859375,0.0027429606,0
2011-02-15,84.31999969482422,0.003239893,0
2011-02-16,84.98999786376953,0.0030147575,0
2011-02-17,86.36000061035156,0.001968549,0
2011-02-18,86.19999694824219,0.0012547559,0
2011-02-22,93.56999969482422,0.005194699,0
2011-02-23,98.0999984741211,0.014227187,0
2011-02-24,97.27999877929688,0.020480901,1
2011-02-25,97.87999725341797,0.025075888,1
2011-02-28,96.97000122070312,0.02596184,1
2011-03-01,99.62999725341797,0.026532903,1
2011-03-02,102.2300033569336,0.02635615,1
2011-03-03,101.91000366210938,0.022460954,1
2011-03-04,104.41999816894531,0.019084988,1
2011-03-07,105.44000244140625,0.012121973,0
2011-03-08,105.0199966430664,0.010716754,0
2011-03-09,104.37999725341797,0.011632883,0
2011-03-10,102.69999694824219,0.010268911,0
2011-03-11,101.16000366210938,0.009059314,0
2011-03-14,101.19000244140625,0.0059393374,0
2011-03-15,97.18000030517578,0.004874946,0
2011-03-16,97.9800033569336,0.005224131,0
2011-03-17,101.41999816894531,0.0042258827,0
2011-03-18,101.06999969482422,0.0035044327,0
2011-03-21,102.33000183105469,0.003042862,0
2011-03-22,104.0,0.0035324364,0
2011-03-23,105.75,0.0057288245,0
2011-03-24,105.5999984741211,0.00824389,0
2011-03-25,105.4000015258789,0.009733201,0
2011-03-28,103.9800033569336,0.011322905,0
2011-03-29,104.79000091552734,0.009848384,0
2011-03-30,104.2699966430664,0.006697338,0
2011-03-31,106.72000122070312,0.0074603185,0
2011-04-01,107.94000244140625,0.0074953735,0
2011-04-04,108.47000122070312,0.0075598536,0
2011-04-05,108.33999633789062,0.007417227,0
2011-04-06,108.83000183105469,0.008840436,0
2011-04-07,110.30000305175781,0.0109028,0
2011-04-08,112.79000091552734,0.015396662,0
2011-04-11,109.91999816894531,0.014328992,0
2011-04-12,106.25,0.013156404,0
2011-04-13,107.11000061035156,0.010304734,0
2011-04-14,108.11000061035156,0.009330461,0
2011-04-15,109.66000366210938,0.009226437,0
2011-04-18,107.12000274658203,0.008345484,0
2011-04-19,108.1500015258789,0.0077153505,0
2011-04-20,111.44999694824219,0.008708944,0
2011-04-21,112.29000091552734,0.008931941,0
2011-04-25,112.27999877929688,0.011165224,0
2011-04-26,112.20999908447266,0.015075648,0
2011-04-27,112.76000213623047,0.015460396,0
2011-04-28,112.86000061035156,0.015460009,0
2011-04-29,113.93000030517578,0.014914346,0
2011-05-02,113.5199966430664,0.016921898,1
2011-05-03,111.05000305175781,0.013812545,0
2011-05-04,109.23999786376953,0.0096152,0
2011-05-05,99.80000305175781,0.013963982,0
2011-05-06,97.18000030517578,0.021358566,1
2011-05-09,102.55000305175781,0.022640694,1
2011-05-10,103.87999725341797,0.022225952,1
2011-05-11,98.20999908447266,0.022769522,1
2011-05-12,98.97000122070312,0.019819543,1
2011-05-13,99.6500015258789,0.014728191,0
2011-05-16,97.37000274658203,0.010410847,0
2011-05-17,96.91000366210938,0.0063713915,0
2011-05-18,100.0999984741211,0.0032946293,0
2011-05-19,98.44000244140625,0.003315416,0
2011-05-20,99.48999786376953,0.0021949667,0
2011-05-23,97.69999694824219,0.0017025471,0
2011-05-24,99.58999633789062,0.0013317199,0
2011-05-25,101.31999969482422,0.00212212,0
2011-05-26,100.2300033569336,0.0023835609,0
2011-05-27,100.58999633789062,0.0029137286,0
2011-05-31,102.69999694824219,0.0038394749,0
2011-06-01,100.29000091552734,0.002705924,0
2011-06-02,100.4000015258789,0.0031841968,0
2011-06-03,100.22000122070312,0.0026815007,0
2011-06-06,99.01000213623047,0.0027617575,0
2011-06-07,99.08999633789062,0.0016833979,0
2011-06-08,100.73999786376953,0.0012424658,0
2011-06-09,101.93000030517578,0.0017381099,0
2011-06-10,99.29000091552734,0.0015108762,0
2011-06-13,97.30000305175781,0.0011972497,0
2011-06-14,99.37000274658203,0.0014128039,0
2011-06-15,94.80999755859375,0.0022304584,0
2011-06-16,94.94999694824219,0.0026950939,0
2011-06-17,93.01000213623047,0.0036713383,0
2011-06-20,93.26000213623047,0.004096147,0
2011-06-21,93.4000015258789,0.0044146553,0
2011-06-22,95.41000366210938,0.0039488235,0
2011-06-23,91.0199966430664,0.0031160335,0
2011-06-24,91.16000366210938,0.0028736424,0
2011-06-27,90.61000061035156,0.0038995282,0
2011-06-28,92.88999938964844,0.0015772355,0
2011-06-29,94.7699966430664,0.0019859872,0
2011-06-30,95.41999816894531,0.001955046,0
2011-07-01,94.94000244140625,0.002348186,0
2011-07-05,96.88999938964844,0.003770706,0
2011-07-06,96.6500015258789,0.0054205204,0
2011-07-07,98.66999816894531,0.006439193,0
2011-07-08,96.19999694824219,0.005545809,0
2011-07-11,95.1500015258789,0.00396718,0
2011-07-12,97.43000030517578,0.0024726025,0
2011-07-13,98.05000305175781,0.0020047105,0
2011-07-14,95.69000244140625,0.0015201506,0
2011-07-15,97.23999786376953,0.0012506389,0
2011-07-18,95.93000030517578,0.0007932702,0
2011-07-19,97.5,0.0009564605,0
2011-07-20,98.13999938964844,0.0013634072,0
2011-07-21,99.12999725341797,0.0017770395,0
2011-07-22,99.87000274658203,0.0022753675,0
2011-07-25,99.19999694824219,0.002154075,0
2011-07-26,99.58999633789062,0.0025849356,0
2011-07-27,97.4000015258789,0.0027137601,0
2011-07-28,97.44000244140625,0.0020312343,0
2011-07-29,95.69999694824219,0.0019536684,0
2011-08-01,94.88999938964844,0.0014770722,0
2011-08-02,93.79000091552734,0.0017359542,0
2011-08-03,91.93000030517578,0.002801935,0
2011-08-04,86.62999725341797,0.0076386854,0
2011-08-05,86.87999725341797,0.010149157,0
2011-08-08,81.30999755859375,0.01782481,1
2011-08-09,79.30000305175781,0.023273353,1
2011-08-10,82.88999938964844,0.022858229,1
2011-08-11,85.72000122070312,0.018411914,1
2011-08-12,85.37999725341797,0.015491393,0
2011-08-15,87.87999725341797,0.0129912095,0
2011-08-16,86.6500015258789,0.010254823,0
2011-08-17,87.58000183105469,0.0075493096,0
2011-08-18,82.37999725341797,0.008600725,0
2011-08-19,82.26000213623047,0.0061105937,0
2011-08-22,84.12000274658203,0.0034627505,0
2011-08-23,85.44000244140625,0.0017302055,0
2011-08-24,85.16000366210938,0.0019276993,0
2011-08-25,85.30000305175781,0.0017872571,0
2011-08-26,85.37000274658203,0.0032361592,0
2011-08-29,87.2699966430664,0.0036544825,0
2011-08-30,88.9000015258789,0.005685922,0
2011-08-31,88.80999755859375,0.0044004046,0
2011-09-01,88.93000030517578,0.0037891816,0
2011-09-02,86.44999694824219,0.002983065,0
2011-09-06,86.0199966430664,0.0028137008,0
2011-09-07,89.33999633789062,0.0026435757,0
2011-09-08,89.05000305175781,0.002037319,0
2011-09-09,87.23999786376953,0.001038434,0
2011-09-12,88.19000244140625,0.0009946451,0
2011-09-13,90.20999908447266,0.0020134335,0
2011-09-14,88.91000366210938,0.0024160026,0
2011-09-15,89.4000015258789,0.002819465,0
2011-09-16,87.95999908447266,0.0016528964,0
2011-09-19,85.69999694824219,0.0011743956,0
2011-09-20,86.88999938964844,0.0019777815,0
2011-09-21,85.91999816894531,0.001963221,0
2011-09-22,80.51000213623047,0.003705319,0
2011-09-23,79.8499984741211,0.00643306,0
2011-09-26,80.23999786376953,0.008652354,0
2011-09-27,84.44999694824219,0.0068523837,0
2011-09-28,81.20999908447266,0.00694284,0
2011-09-29,82.13999938964844,0.0053074956,0
2011-09-30,79.19999694824219,0.0044883834,0
2011-10-03,77.61000061035156,0.006081696,0
2011-10-04,75.66999816894531,0.006233155,0
2011-10-05,79.68000030517578,0.00326319,0
2011-10-06,82.58999633789062,0.0035796738,0
2011-10-07,82.9800033569336,0.004208333,0
2011-10-10,85.41000366210938,0.0072114347,0
2011-10-11,85.80999755859375,0.008034256,0
2011-10-12,85.56999969482422,0.010518327,0
2011-10-13,84.2300033569336,0.010638033,0
2011-10-14,86.80000305175781,0.010579253,0
2011-10-17,86.37999725341797,0.0074504004,0
2011-10-18,88.33999633789062,0.0040745297,0
2011-10-19,86.11000061035156,0.0024686286,0
2011-10-20,85.30000305175781,0.001508733,0
2011-10-21,87.4000015258789,0.0018297425,0
2011-10-24,91.2699966430664,0.0036649052,0
2011-10-25,93.16999816894531,0.006051141,0
2011-10-26,90.19999694824219,0.005404976,0
2011-10-27,93.95999908447266,0.0072869593,0
2011-10-28,93.31999969482422,0.008097779,0
2011-10-31,93.19000244140625,0.008808746,0
2011-11-01,92.19000244140625,0.007551536,0
2011-11-02,92.51000213623047,0.0049556,0
2011-11-03,94.06999969482422,0.0024102759,0
2011-11-04,94.26000213623047,0.0015428967,0
2011-11-07,95.5199966430664,0.002119147,0
2011-11-08,96.80000305175781,0.0022566793,0
2011-11-09,95.73999786376953,0.0023225243,0
2011-11-10,97.77999877929688,0.003436319,0
2011-11-11,98.98999786376953,0.0047685197,0
2011-11-14,98.13999938964844,0.004885268,0
2011-11-15,99.37000274658203,0.004778904,0
2011-11-16,102.58999633789062,0.0061833793,0
2011-11-17,98.81999969482422,0.0053185513,0
2011-11-18,97.41000366210938,0.0041432963,0
2011-11-21,96.91999816894531,0.003328368,0
2011-11-22,98.01000213623047,0.0030027211,0
2011-11-23,96.16999816894531,0.0020962716,0
2011-11-25,96.7699966430664,0.0016681798,0
2011-11-28,98.20999908447266,0.0014595585,0
2011-11-29,99.79000091552734,0.001726003,0
2011-11-30,100.36000061035156,0.0022262682,0
2011-12-01,100.19999694824219,0.0023414684,0
2011-12-02,100.95999908447266,0.0033137545,0
2011-12-05,100.98999786376953,0.0040061353,0
2011-12-06,101.27999877929688,0.0042346218,0
2011-12-07,100.48999786376953,0.004461569,0
2011-12-08,98.33999633789062,0.0032213735,0
2011-12-09,99.41000366210938,0.0020816657,0
2011-12-12,97.7699966430664,0.0014093914,0
2011-12-13,100.13999938964844,0.0012408798,0
2011-12-14,94.94999694824219,0.0019077599,0
2011-12-15,93.87000274658203,0.0027877558,0
2011-12-16,93.52999877929688,0.0035587687,0
2011-12-19,93.87999725341797,0.0037693891,0
2011-12-20,97.22000122070312,0.0031252846,0
2011-12-21,98.66999816894531,0.002955059,0
2011-12-22,99.52999877929688,0.0037782006,0
2011-12-23,99.68000030517578,0.0047104745,0
2011-12-27,101.33999633789062,0.0070671327,0
2011-12-28,99.36000061035156,0.007438922,0
2011-12-29,99.6500015258789,0.00751203,0
2011-12-30,98.83000183105469,0.0062266756,0
2012-01-03,102.95999908447266,0.005965389,0
2012-01-04,103.22000122070312,0.0045651207,0
2012-01-05,101.80999755859375,0.0038919982,0
2012-01-06,101.55999755859375,0.0035489313,0
2012-01-09,101.30999755859375,0.0035818063,0
2012-01-10,102.23999786376953,0.0033969185,0
2012-01-11,100.87000274658203,0.0038461243,0
2012-01-12,99.0999984741211,0.003133145,0
2012-01-13,98.69999694824219,0.0030202288,0
2012-01-17,100.70999908447266,0.0014318821,0
2012-01-18,100.58999633789062,0.0011953055,0
2012-01-19,100.38999938964844,0.0011788051,0
2012-01-20,98.45999908447266,0.0010348918,0
2012-01-23,99.58000183105469,0.0010648923,0
2012-01-24,98.94999694824219,0.0009540959,0
2012-01-25,99.4000015258789,0.0010102323,0
2012-01-26,99.69999694824219,0.0011765463,0
2012-01-27,99.55999755859375,0.0010870764,0
2012-01-30,98.77999877929688,0.00057494885,0
2012-01-31,98.4800033569336,0.000616282,0
2012-02-01,97.61000061035156,0.00060163427,0
2012-02-02,96.36000061035156,0.0008637089,0
2012-02-03,97.83999633789062,0.0006017194,0
2012-02-06,96.91000366210938,0.00052837183,0
2012-02-07,98.41000366210938,0.00046382315,0
2012-02-08,98.70999908447266,0.0005408522,0
2012-02-09,99.83999633789062,0.0009904492,0
2012-02-10,98.66999816894531,0.0012149841,0
2012-02-13,100.91000366210938,0.0022404958,0
2012-02-14,100.73999786376953,0.0029961434,0
2012-02-15,101.80000305175781,0.003999316,0
2012-02-16,102.30999755859375,0.00415764,0
2012-02-17,103.23999786376953,0.005230156,0
2012-02-21,105.83999633789062,0.006743127,0
2012-02-22,106.27999877929688,0.008610312,0
2012-02-23,107.83000183105469,0.010649718,0
2012-02-24,109.7699966430664,0.014941299,0
2012-02-27,108.55999755859375,0.014591157,0
2012-02-28,106.55000305175781,0.014266603,0
2012-02-29,107.06999969482422,0.012818838,0
2012-03-01,108.83999633789062,0.012432315,0
2012-03-02,106.69999694824219,0.010345672,0
2012-03-05,106.72000122070312,0.0073675117,0
2012-03-06,104.69999694824219,0.006552592,0
2012-03-07,106.16000366210938,0.0056142276,0
2012-03-08,106.58000183105469,0.004406099,0
2012-03-09,107.4000015258789,0.0047221156,0
2012-03-12,106.33999633789062,0.005330344,0
2012-03-13,106.70999908447266,0.00520624,0
2012-03-14,105.43000030517578,0.0039131576,0
2012-03-15,105.11000061035156,0.0046487497,0
2012-03-16,107.05999755859375,0.004906958,0
2012-03-19,108.08999633789062,0.0068191355,0
2012-03-20,105.61000061035156,0.005341641,0
2012-03-21,107.2699966430664,0.005428004,0
2012-03-22,105.3499984741211,0.004765041,0
2012-03-23,106.87000274658203,0.005622459,0
2012-03-26,107.02999877929688,0.005572357,0
2012-03-27,107.33000183105469,0.0064436705,0
2012-03-28,105.41000366210938,0.006135294,0
2012-03-29,102.77999877929688,0.0047986256,0
2012-03-30,103.0199966430664,0.0039586225,0
2012-04-02,105.2300033569336,0.005242112,0
2012-04-03,104.01000213623047,0.0039589778,0
2012-04-04,101.47000122070312,0.0043841526,0
2012-04-05,103.30999755859375,0.0034141738,0
2012-04-09,102.45999908447266,0.0030640443,0
2012-04-10,101.0199966430664,0.0023873693,0
2012-04-11,102.69999694824219,0.0021683355,0
2012-04-12,103.63999938964844,0.0029610703,0
2012-04-13,102.83000183105469,0.0028411713,0
2012-04-16,102.93000030517578,0.0020556357,0
2012-04-17,104.19999694824219,0.0025927655,0
2012-04-18,102.66999816894531,0.0035032225,0
2012-04-19,102.2699966430664,0.0026539164,0
2012-04-20,103.05000305175781,0.0029883326,0
2012-04-23,103.11000061035156,0.0035702132,0
2012-04-24,103.55000305175781,0.002812931,0
2012-04-25,104.12000274658203,0.0026580128,0
2012-04-26,104.55000305175781,0.0033234793,0
2012-04-27,104.93000030517578,0.0038520761,0
2012-04-30,104.87000274658203,0.0037057046,0
2012-05-01,106.16000366210938,0.0052998913,0
2012-05-02,105.22000122070312,0.0057280483,0
2012-05-03,102.54000091552734,0.0047894064,0
2012-05-04,98.48999786376953,0.0052521853,0
2012-05-07,97.94000244140625,0.0058881617,0
2012-05-08,97.01000213623047,0.006714206,0
2012-05-09,96.80999755859375,0.007209108,0
2012-05-10,97.08000183105469,0.0069063427,0
2012-05-11,96.12999725341797,0.006495083,0
2012-05-14,94.77999877929688,0.005987233,0
2012-05-15,93.9800033569336,0.004503858,0
2012-05-16,92.80999755859375,0.0028614115,0
2012-05-17,92.55999755859375,0.0015710734,0
2012-05-18,91.4800033569336,0.0018942272,0
2012-05-21,92.56999969482422,0.0015431752,0
2012-05-22,91.66000366210938,0.0015910601,0
2012-05-23,89.9000015258789,0.002231989,0
2012-05-24,90.66000366210938,0.0018858397,0
2012-05-25,90.86000061035156,0.0013637971,0
2012-05-29,90.76000213623047,0.0011359112,0
2012-05-30,87.81999969482422,0.0014436028,0
2012-05-31,86.52999877929688,0.0023446348,0
2012-06-01,83.2300033569336,0.004542102,0
2012-06-04,83.9800033569336,0.0062571974,0
2012-06-05,84.29000091552734,0.0058305776,0
2012-06-06,85.0199966430664,0.0044588908,0
2012-06-07,84.81999969482422,0.0047958973,0
2012-06-08,84.0999984741211,0.0049681105,0
2012-06-11,82.69999694824219,0.0049593654,0
2012-06-12,83.31999969482422,0.0027940278,0
2012-06-13,82.62000274658203,0.002087133,0
2012-06-14,83.91000366210938,0.00046009856,0
2012-06-15,84.02999877929688,0.0005021674,0
2012-06-18,83.2699966430664,0.0006182535,0
2012-06-19,84.02999877929688,0.0011512752,0
2012-06-20,81.80000305175781,0.0014446161,0
2012-06-21,78.19999694824219,0.0024640665,0
2012-06-22,79.76000213623047,0.0020185222,0
2012-06-25,79.20999908447266,0.0022868514,0
2012-06-26,79.36000061035156,0.0020789735,0
2012-06-27,80.20999908447266,0.0025927464,0
2012-06-28,77.69000244140625,0.0031073778,0
2012-06-29,84.95999908447266,0.004484525,0
2012-07-02,83.75,0.0056209126,0
2012-07-03,87.66000366210938,0.008415861,0
2012-07-05,87.22000122070312,0.010217929,0
2012-07-06,84.44999694824219,0.010119106,0
2012-07-09,85.98999786376953,0.010021846,0
2012-07-10,83.91000366210938,0.008435665,0
2012-07-11,85.80999755859375,0.006588377,0
2012-07-12,86.08000183105469,0.0032816422,0
2012-07-13,87.0999984741211,0.0015544395,0
2012-07-16,88.43000030517578,0.001366535,0
2012-07-17,89.22000122070312,0.0033716504,0
2012-07-18,89.87000274658203,0.0044714035,0
2012-07-19,92.66000366210938,0.0059296964,0
2012-07-20,91.44000244140625,0.0067182123,0
2012-07-23,88.13999938964844,0.005149078,0
2012-07-24,88.5,0.0038239104,0
2012-07-25,88.97000122070312,0.0026304065,0
2012-07-26,89.38999938964844,0.0016353695,0
2012-07-27,90.12999725341797,0.0011229571,0
2012-07-30,89.77999877929688,0.0008123036,0
2012-07-31,88.05999755859375,0.0011008834,0
2012-08-01,88.91000366210938,0.0025896817,0
2012-08-02,87.12999725341797,0.002354059,0
2012-08-03,91.4000015258789,0.0013162063,0
2012-08-06,92.19999694824219,0.0018251112,0
2012-08-07,93.66999816894531,0.0030027637,0
2012-08-08,93.3499984741211,0.0039502913,0
2012-08-09,93.36000061035156,0.005016328,0
2012-08-10,92.87000274658203,0.0054159868,0
2012-08-13,92.7300033569336,0.0048413845,0
2012-08-14,93.43000030517578,0.003941479,0
2012-08-15,94.33000183105469,0.0023732733,0
2012-08-16,95.5999984741211,0.0011925272,0
2012-08-17,96.01000213623047,0.0013869859,0
2012-08-20,95.97000122070312,0.001847667,0
2012-08-21,96.68000030517578,0.0024415876,0
2012-08-22,97.26000213623047,0.003028261,0
2012-08-23,96.2699966430664,0.0028772936,0
2012-08-24,96.1500015258789,0.0023097945,0
2012-08-27,95.47000122070312,0.0014466255,0
2012-08-28,96.33000183105469,0.0008388834,0
2012-08-29,95.48999786376953,0.0004444106,0
2012-08-30,94.62000274658203,0.00029998698,0
2012-08-31,96.47000122070312,0.00023115317,0
2012-09-04,95.30000305175781,0.00023499543,0
2012-09-05,95.36000061035156,0.00035352766,0
2012-09-06,95.52999877929688,0.00032412534,0
2012-09-07,96.41999816894531,0.00046839923,0
2012-09-10,96.54000091552734,0.00058712333,0
2012-09-11,97.16999816894531,0.00096202566,0
2012-09-12,97.01000213623047,0.0011027514,0
2012-09-13,98.30999755859375,0.0015063252,0
2012-09-14,99.0,0.0019940503,0
2012-09-17,96.62000274658203,0.0019407949,0
2012-09-18,95.29000091552734,0.0016414262,0
2012-09-19,91.9800033569336,0.0022786125,0
2012-09-20,91.87000274658203,0.0028525263,0
2012-09-21,92.88999938964844,0.0028827724,0
2012-09-24,91.93000030517578,0.0031006117,0
2012-09-25,91.37000274658203,0.00322141,0
2012-09-26,89.9800033569336,0.0042156735,0
2012-09-27,91.8499984741211,0.004054798,0
2012-09-28,92.19000244140625,0.0024435504,0
2012-10-01,92.4800033569336,0.0018226585,0
2012-10-02,91.88999938964844,0.0006196141,0
2012-10-03,88.13999938964844,0.0013300149,0
2012-10-04,91.70999908447266,0.0018202479,0
2012-10-05,89.87999725341797,0.0017117258,0
2012-10-08,89.33000183105469,0.001534958,0
2012-10-09,92.38999938964844,0.0010095293,0
2012-10-10,91.25,0.0013732035,0
2012-10-11,92.06999969482422,0.0018462979,0
2012-10-12,91.86000061035156,0.0024736682,0
2012-10-15,91.8499984741211,0.0025810613,0
2012-10-16,92.08999633789062,0.0014934497,0
2012-10-17,92.12000274658203,0.0018484124,0
2012-10-18,92.0999984741211,0.0011954529,0
2012-10-19,90.05000305175781,0.00054762856,0
2012-10-22,88.7300033569336,0.0012332874,0
2012-10-23,86.66999816894531,0.0019207759,0
2012-10-24,85.7300033569336,0.003351627,0
2012-10-25,86.05000305175781,0.0037471321,0
2012-10-26,86.27999877929688,0.0038238515,0
2012-10-31,86.23999786376953,0.0039116545,0
2012-11-01,87.08999633789062,0.003761454,0
2012-11-02,84.86000061035156,0.003998201,0
2012-11-05,85.6500015258789,0.0026796414,0
2012-11-06,88.70999908447266,0.002482392,0
2012-11-07,84.44000244140625,0.0018002748,0
2012-11-08,85.08999633789062,0.0014080663,0
2012-11-09,86.06999969482422,0.0014252668,0
2012-11-12,85.56999969482422,0.0014788826,0
2012-11-13,85.37999725341797,0.0015275379,0
2012-11-14,86.31999969482422,0.0019313585,0
2012-11-15,85.44999694824219,0.00090582744,0
2012-11-16,86.66999816894531,0.0012880897,0
2012-11-19,89.27999877929688,0.0036198415,0
2012-11-20,86.75,0.0018254019,0
2012-11-21,87.37999725341797,0.0018597099,0
2012-11-23,88.27999877929688,0.002337087,0
2012-11-26,87.73999786376953,0.002120959,0
2012-11-27,87.18000030517578,0.0016967487,0
2012-11-28,86.48999786376953,0.0014968798,0
2012-11-29,88.06999969482422,0.0007243136,0
2012-11-30,88.91000366210938,0.0008527177,0
2012-12-03,89.08999633789062,0.0020054218,0
2012-12-04,88.5,0.0010630781,0
2012-12-05,87.87999725341797,0.0011791998,0
2012-12-06,86.26000213623047,0.0017367436,0
2012-12-07,85.93000030517578,0.001686389,0
2012-12-10,85.55999755859375,0.0013275973,0
2012-12-11,85.79000091552734,0.0006528768,0
2012-12-12,86.7699966430664,0.00090904144,0
2012-12-13,85.88999938964844,0.0013906397,0
2012-12-14,86.7300033569336,0.0016801273,0
2012-12-17,87.19999694824219,0.0017454453,0
2012-12-18,87.93000030517578,0.0019662762,0
2012-12-19,89.51000213623047,0.0021943557,0
2012-12-20,90.12999725341797,0.002882835,0
2012-12-21,88.66000366210938,0.0026908587,0
2012-12-24,88.61000061035156,0.002468134,0
2012-12-26,90.9800033569336,0.0030356287,0
2012-12-27,90.87000274658203,0.0026755661,0
2012-12-28,90.80000305175781,0.002222495,0
2012-12-31,91.81999969482422,0.0019426486,0
2013-01-02,93.12000274658203,0.0021663334,0
2013-01-03,92.91999816894531,0.0026825068,0
2013-01-04,93.08999633789062,0.0031781606,0
2013-01-07,93.19000244140625,0.0027334918,0
2013-01-08,93.1500015258789,0.0019396069,0
2013-01-09,93.0999984741211,0.0015938521,0
2013-01-10,93.81999969482422,0.0013651501,0
2013-01-11,93.55999755859375,0.0008369866,0
2013-01-14,94.13999938964844,0.00057724846,0
2013-01-15,93.27999877929688,0.00058767665,0
2013-01-16,94.23999786376953,0.0006183941,0
2013-01-17,95.48999786376953,0.00094658136,0
2013-01-18,95.55999755859375,0.0012003352,0
2013-01-22,96.23999786376953,0.0015095036,0
2013-01-23,95.2300033569336,0.0014353292,0
2013-01-24,95.94999694824219,0.0015512323,0
2013-01-25,95.87999725341797,0.0015529449,0
2013-01-28,96.44000244140625,0.001540105,0
2013-01-29,97.56999969482422,0.0015827995,0
2013-01-30,97.94000244140625,0.0014586526,0
2013-01-31,97.48999786376953,0.0013445544,0
2013-02-01,97.7699966430664,0.0015064848,0
2013-02-04,96.16999816894531,0.0013870983,0
2013-02-05,96.63999938964844,0.0012883594,0
2013-02-06,96.62000274658203,0.00093367585,0
2013-02-07,95.83000183105469,0.0006027057,0
2013-02-08,95.72000122070312,0.00027570018,0
2013-02-11,97.02999877929688,0.00021105344,0
2013-02-12,97.51000213623047,0.00035740848,0
2013-02-13,97.01000213623047,0.00048247204,0
2013-02-14,97.30999755859375,0.0007020129,0
2013-02-15,95.86000061035156,0.0006793716,0
2013-02-19,96.66000366210938,0.00072466047,0
2013-02-20,94.45999908447266,0.000838352,0
2013-02-21,92.83999633789062,0.0011140642,0
2013-02-22,93.12999725341797,0.0010944123,0
2013-02-25,93.11000061035156,0.0012131438,0
2013-02-26,92.62999725341797,0.0013866457,0
2013-02-27,92.76000213623047,0.0012518121,0
2013-02-28,92.05000305175781,0.0013912998,0
2013-03-01,90.68000030517578,0.001323879,0
2013-03-04,90.12000274658203,0.0020744966,0
2013-03-05,90.81999969482422,0.0011707316,0
2013-03-06,90.43000030517578,0.00065022975,0
2013-03-07,91.55999755859375,0.0007210816,0
2013-03-08,91.94999694824219,0.00081374205,0
2013-03-11,92.05999755859375,0.00090499345,0
2013-03-12,92.54000091552734,0.0014263787,0
2013-03-13,92.5199966430664,0.0016499019,0
2013-03-14,93.02999877929688,0.0015911243,0
2013-03-15,93.44999694824219,0.0015344301,0
2013-03-18,93.73999786376953,0.0015426471,0
2013-03-19,92.16000366210938,0.0010440337,0
2013-03-20,92.95999908447266,0.00084397197,0
2013-03-21,92.44999694824219,0.0006843298,0
2013-03-22,93.70999908447266,0.00060622237,0
2013-03-25,94.80999755859375,0.0008074095,0
2013-03-26,96.33999633789062,0.0014227903,0
2013-03-27,96.58000183105469,0.0021335934,0
2013-03-28,97.2300033569336,0.0031250485,0
2013-04-01,97.06999969482422,0.003849412,0
2013-04-02,97.19000244140625,0.0040541124,0
2013-04-03,94.44999694824219,0.00325194,0
2013-04-04,93.26000213623047,0.0025364063,0
2013-04-05,92.69999694824219,0.0017687108,0
2013-04-08,93.36000061035156,0.0012846089,0
2013-04-09,94.19999694824219,0.0010906362,0
2013-04-10,94.63999938964844,0.00097245985,0
2013-04-11,93.51000213623047,0.0011086056,0
2013-04-12,91.29000091552734,0.0016348431,0
2013-04-15,88.70999908447266,0.0031125569,0
2013-04-16,88.72000122070312,0.0028890548,0
2013-04-17,86.68000030517578,0.0039098174,0
2013-04-18,87.7300033569336,0.003926215,0
2013-04-19,88.01000213623047,0.004146795,0
2013-04-22,88.76000213623047,0.0043709106,0
2013-04-23,89.18000030517578,0.0043996093,0
2013-04-24,91.43000030517578,0.0039532743,0
2013-04-25,93.63999938964844,0.0044955974,0
2013-04-26,93.0,0.0049380297,0
2013-04-29,94.5,0.006658432,0
2013-04-30,93.45999908447266,0.006357666,0
2013-05-01,91.02999877929688,0.005104235,0
2013-05-02,93.98999786376953,0.0043816636,0
2013-05-03,95.61000061035156,0.0038364958,0
2013-05-06,96.16000366210938,0.00306134,0
2013-05-07,95.62000274658203,0.0022160732,0
2013-05-08,96.62000274658203,0.0025856835,0
2013-05-09,96.38999938964844,0.0029109188,0
2013-05-10,96.04000091552734,0.0032349923,0
2013-05-13,95.16999816894531,0.0030221478,0
2013-05-14,94.20999908447266,0.0020478242,0
2013-05-15,94.30000305175781,0.0005822214,0
2013-05-16,95.16000366210938,0.00030389646,0
2013-05-17,96.0199966430664,0.00031901943,0
2013-05-20,96.70999908447266,0.00041701976,0
2013-05-21,96.16000366210938,0.0006513928,0
2013-05-22,94.27999877929688,0.0008402271,0
2013-05-23,94.25,0.0010262524,0
2013-05-24,94.1500015258789,0.0010050477,0
2013-05-28,95.01000213623047,0.0007418849,0
2013-05-29,93.12999725341797,0.00046292547,0
2013-05-30,93.61000061035156,0.0002873536,0
2013-05-31,91.97000122070312,0.00068286946,0
2013-06-03,93.44999694824219,0.0009388258,0
2013-06-04,93.30999755859375,0.00083324034,0
2013-06-05,93.73999786376953,0.00036715687,0
2013-06-06,94.76000213623047,0.00052664464,0
2013-06-07,96.02999877929688,0.0011480119,0
2013-06-10,95.7699966430664,0.0019147184,0
2013-06-11,95.37999725341797,0.0019952594,0
2013-06-12,95.87999725341797,0.0022933783,0
2013-06-13,96.69000244140625,0.0023312443,0
2013-06-14,97.8499984741211,0.0024393103,0
2013-06-17,97.7699966430664,0.002438866,0
2013-06-18,98.44000244140625,0.0023524836,0
2013-06-19,98.23999786376953,0.0021064724,0
2013-06-20,95.4000015258789,0.001774439,0
2013-06-21,93.69000244140625,0.001969215,0
2013-06-24,95.18000030517578,0.0016837195,0
2013-06-25,95.31999969482422,0.0012415849,0
2013-06-26,95.5,0.000926999,0
2013-06-27,97.05000305175781,0.00094592647,0
2013-06-28,96.55999755859375,0.0009865954,0
2013-07-01,97.98999786376953,0.0017024871,0
2013-07-02,99.5999984741211,0.0030257516,0
2013-07-03,101.23999786376953,0.0049124723,0
2013-07-05,103.22000122070312,0.007722008,0
2013-07-08,103.13999938964844,0.008730828,0
2013-07-09,103.52999877929688,0.009786217,0
2013-07-10,106.5199966430664,0.012507382,0
2013-07-11,104.91000366210938,0.012044152,0
2013-07-12,105.94999694824219,0.012654173,0
2013-07-15,106.31999969482422,0.011470573,0
2013-07-16,106.0,0.009785789,0
2013-07-17,106.4800033569336,0.008538248,0
2013-07-18,108.04000091552734,0.008099796,0
2013-07-19,108.05000305175781,0.008657643,0
2013-07-22,106.91000366210938,0.008172797,0
2013-07-23,107.2300033569336,0.006134297,0
2013-07-24,105.38999938964844,0.0067810253,0
2013-07-25,105.48999786376953,0.005785902,0
2013-07-26,104.69999694824219,0.005187038,0
2013-07-29,104.55000305175781,0.005020058,0
2013-07-30,103.08000183105469,0.004479957,0
2013-07-31,105.02999877929688,0.0035756887,0
2013-08-01,107.88999938964844,0.0042806254,0
2013-08-02,106.94000244140625,0.0050211446,0
2013-08-05,106.55999755859375,0.0048552607,0
2013-08-06,105.30000305175781,0.0056882002,0
2013-08-07,104.37000274658203,0.0054816455,0
2013-08-08,103.4000015258789,0.0056639207,0
2013-08-09,105.97000122070312,0.00590418,0
2013-08-12,106.11000061035156,0.006711766,0
2013-08-13,106.83000183105469,0.005684263,0
2013-08-14,106.8499984741211,0.0043021673,0
2013-08-15,107.33000183105469,0.005258764,0
2013-08-16,107.45999908447266,0.006060994,0
2013-08-19,107.0999984741211,0.007095255,0
2013-08-20,104.97000122070312,0.0070258365,0
2013-08-21,103.8499984741211,0.007068804,0
2013-08-22,105.02999877929688,0.0050541097,0
2013-08-23,106.41999816894531,0.0052004457,0
2013-08-26,105.91999816894531,0.0045784125,0
2013-08-27,109.01000213623047,0.0058090854,0
2013-08-28,110.0999984741211,0.007509491,0
2013-08-29,108.80000305175781,0.008323668,0
2013-08-30,107.6500015258789,0.008749463,0
2013-09-03,108.54000091552734,0.010682231,0
2013-09-04,107.2300033569336,0.010917901,0
2013-09-05,108.37000274658203,0.009677197,0
2013-09-06,110.52999877929688,0.00939486,0
2013-09-09,109.5199966430664,0.009849142,0
2013-09-10,107.38999938964844,0.00689678,0
2013-09-11,107.55999755859375,0.0060425242,0
2013-09-12,108.5999984741211,0.0069754347,0
2013-09-13,108.20999908447266,0.007683846,0
2013-09-16,106.58999633789062,0.0063132877,0
2013-09-17,105.41999816894531,0.006655191,0
2013-09-18,108.06999969482422,0.0063656173,0
2013-09-19,106.38999938964844,0.0048236945,0
2013-09-20,104.68000030517578,0.00429927,0
2013-09-23,103.58999633789062,0.0048537846,0
2013-09-24,103.12999725341797,0.0047313944,0
2013-09-25,102.66000366210938,0.0040149842,0
2013-09-26,103.02999877929688,0.0034466758,0
2013-09-27,102.87000274658203,0.0032545507,0
2013-09-30,102.33000183105469,0.0034418888,0
2013-10-01,102.04000091552734,0.0019884964,0
2013-10-02,104.0999984741211,0.0018697422,0
2013-10-03,103.30999755859375,0.0020596643,0
2013-10-04,103.83999633789062,0.0025428482,0
2013-10-07,103.02999877929688,0.0026695854,0
2013-10-08,103.48999786376953,0.0030457736,0
2013-10-09,101.61000061035156,0.0027219167,0
2013-10-10,103.01000213623047,0.0028484885,0
2013-10-11,102.0199966430664,0.00279217,0
2013-10-14,102.41000366210938,0.0027965612,0
2013-10-15,101.20999908447266,0.0016893694,0
2013-10-16,102.29000091552734,0.0018640754,0
2013-10-17,100.66999816894531,0.0014632165,0
2013-10-18,100.80999755859375,0.0015468344,0
2013-10-21,99.22000122070312,0.0012469629,0
2013-10-22,97.80000305175781,0.0018210507,0
2013-10-23,96.86000061035156,0.0017971571,0
2013-10-24,97.11000061035156,0.0019158755,0
2013-10-25,97.8499984741211,0.001577957,0
2013-10-28,98.68000030517578,0.0013071,0
2013-10-29,98.19999694824219,0.0009545889,0
2013-10-30,96.7699966430664,0.0006869116,0
2013-10-31,96.37999725341797,0.0007114603,0
2013-11-01,94.61000061035156,0.00089467707,0
2013-11-04,94.62000274658203,0.0009818089,0
2013-11-05,93.37000274658203,0.001186237,0
2013-11-06,94.80000305175781,0.00097199035,0
2013-11-07,94.19999694824219,0.0009647728,0
2013-11-08,94.5999984741211,0.0010424334,0
2013-11-11,95.13999938964844,0.0008555593,0
2013-11-12,93.04000091552734,0.00071208505,0
2013-11-13,93.87999725341797,0.00078969187,0
2013-11-14,93.76000213623047,0.00053390965,0
2013-11-15,93.83999633789062,0.00052679126,0
2013-11-18,93.02999877929688,0.00022537881,0
2013-11-19,93.33999633789062,0.0003235924,0
2013-11-20,93.33000183105469,0.00020593467,0
2013-11-21,95.44000244140625,0.00067037286,0
2013-11-22,94.83999633789062,0.001060246,0
2013-11-25,94.08999633789062,0.00071896554,0
2013-11-26,93.68000030517578,0.0008045458,0
2013-11-27,92.30000305175781,0.0009343055,0
2013-11-29,92.72000122070312,0.00096183893,0
2013-12-02,93.81999969482422,0.00066728634,0
2013-12-03,96.04000091552734,0.0008494228,0
2013-12-04,97.19999694824219,0.0014659598,0
2013-12-05,97.37999725341797,0.0025553307,0
2013-12-06,97.6500015258789,0.0035655901,0
2013-12-09,97.33999633789062,0.0042663324,0
2013-12-10,98.51000213623047,0.0050328695,0
2013-12-11,97.44000244140625,0.0046636923,0
2013-12-12,97.5,0.0033631478,0
2013-12-13,96.5999984741211,0.0018155264,0
2013-12-16,97.4800033569336,0.00079041085,0
2013-12-17,97.22000122070312,0.0004764149,0
2013-12-18,97.80000305175781,0.0004511873,0
2013-12-19,98.7699966430664,0.00061110605,0
2013-12-20,99.31999969482422,0.0010027826,0
2013-12-23,98.91000366210938,0.0011697949,0
2013-12-24,99.22000122070312,0.0016049106,0
2013-12-26,99.55000305175781,0.0018894067,0
2013-12-27,100.31999969482422,0.00237382,0
2013-12-30,99.29000091552734,0.0019931204,0
2013-12-31,98.41999816894531,0.0016963051,0
2014-01-02,95.44000244140625,0.0015797492,0
2014-01-03,93.95999908447266,0.0021223386,0
2014-01-06,93.43000030517578,0.002836081,0
2014-01-07,93.66999816894531,0.0031046916,0
2014-01-08,92.33000183105469,0.003630175,0
2014-01-09,91.66000366210938,0.004104144,0
2014-01-10,92.72000122070312,0.0039348896,0
2014-01-13,91.80000305175781,0.0031849325,0
2014-01-14,92.58999633789062,0.0023453238,0
2014-01-15,94.16999816894531,0.0010404675,0
2014-01-16,93.95999908447266,0.0008618908,0
2014-01-17,94.37000274658203,0.0011841655,0
2014-01-21,94.98999786376953,0.0018550247,0
2014-01-22,96.7300033569336,0.0026629812,0
2014-01-23,97.31999969482422,0.0034060557,0
2014-01-24,96.63999938964844,0.0035180065,0
2014-01-27,95.72000122070312,0.0030376895,0
2014-01-28,97.41000366210938,0.0026681095,0
2014-01-29,97.36000061035156,0.0023260987,0
2014-01-30,98.2300033569336,0.0023557616,0
2014-01-31,97.48999786376953,0.0017947039,0
2014-02-03,96.43000030517578,0.0011175836,0
2014-02-04,97.19000244140625,0.0007917111,0
2014-02-05,97.37999725341797,0.00088069274,0
2014-02-06,97.83999633789062,0.00094780995,0
2014-02-07,99.87999725341797,0.0014829614,0
2014-02-10,100.05999755859375,0.0016513007,0
2014-02-11,99.94000244140625,0.0021040998,0
2014-02-12,100.37000274658203,0.002630595,0
2014-02-13,100.3499984741211,0.0031905747,0
2014-02-14,100.30000305175781,0.0034774859,0
2014-02-18,102.43000030517578,0.0038511008,0
2014-02-19,103.30999755859375,0.004484642,0
2014-02-20,102.91999816894531,0.004462474,0
2014-02-21,102.19999694824219,0.003599615,0
2014-02-24,102.81999969482422,0.003869957,0
2014-02-25,101.83000183105469,0.0038311318,0
2014-02-26,102.58999633789062,0.0036596688,0
2014-02-27,102.4000015258789,0.00341457,0
2014-02-28,102.58999633789062,0.0031861798,0
2014-03-03,104.91999816894531,0.002982246,0
2014-03-04,103.33000183105469,0.0027471478,0
2014-03-05,101.44999694824219,0.002638347,0
2014-03-06,101.55999755859375,0.0028610283,0
2014-03-07,102.58000183105469,0.0027105918,0
2014-03-10,101.12000274658203,0.0028502035,0
2014-03-11,100.02999877929688,0.0022968526,0
2014-03-12,97.98999786376953,0.0024635443,0
2014-03-13,98.19999694824219,0.0025815952,0
2014-03-14,98.88999938964844,0.0019171865,0
2014-03-17,98.08000183105469,0.0014539442,0
2014-03-18,99.69999694824219,0.001220606,0
2014-03-19,100.37000274658203,0.0012219863,0
2014-03-20,99.43000030517578,0.0010158176,0
2014-03-21,99.45999908447266,0.0010636919,0
2014-03-24,99.5999984741211,0.0013107447,0
2014-03-25,99.19000244140625,0.0015993858,0
2014-03-26,100.26000213623047,0.0016535958,0
2014-03-27,101.27999877929688,0.0017918475,0
2014-03-28,101.66999816894531,0.0022929374,0
2014-03-31,101.58000183105469,0.002070987,0
2014-04-01,99.73999786376953,0.0018522122,0
2014-04-02,99.62000274658203,0.0020421485,0
2014-04-03,100.29000091552734,0.0020343298,0
2014-04-04,101.13999938964844,0.0020269647,0
2014-04-07,100.44000244140625,0.0018751277,0
2014-04-08,102.55999755859375,0.001899803,0
2014-04-09,103.5999984741211,0.0025057266,0
2014-04-10,103.4000015258789,0.0031910515,0
2014-04-11,103.73999786376953,0.004059795,0
2014-04-14,104.05000305175781,0.0054360824,0
2014-04-15,103.75,0.0056549334,0
2014-04-16,103.76000213623047,0.005319762,0
2014-04-17,104.30000305175781,0.0049466835,0
2014-04-21,104.37000274658203,0.005248513,0
2014-04-22,102.12999725341797,0.0035181313,0
2014-04-23,101.44000244140625,0.0027793157,0
2014-04-24,101.94000244140625,0.002742872,0
2014-04-25,100.5999984741211,0.0024787204,0
2014-04-28,100.83999633789062,0.0020944523,0
2014-04-29,101.27999877929688,0.0018810108,0
2014-04-30,99.73999786376953,0.0016284257,0
2014-05-01,99.41999816894531,0.0013096922,0
2014-05-02,99.76000213623047,0.00086187385,0
2014-05-05,99.4800033569336,0.00078309077,0
2014-05-06,99.5,0.000792558,0
2014-05-07,100.7699966430664,0.0007386924,0
2014-05-08,100.26000213623047,0.0008995705,0
2014-05-09,99.98999786376953,0.00090333296,0
2014-05-12,100.58999633789062,0.0010103978,0
2014-05-13,101.69999694824219,0.0017541985,0
2014-05-14,102.37000274658203,0.00246005,0
2014-05-15,101.5,0.0024870858,0
2014-05-16,102.0199966430664,0.0027677945,0
2014-05-19,102.61000061035156,0.0031053347,0
2014-05-20,102.44000244140625,0.0028685085,0
2014-05-21,104.06999969482422,0.003821378,0
2014-05-22,103.73999786376953,0.004210312,0
2014-05-23,104.3499984741211,0.004325784,0
2014-05-27,104.11000061035156,0.004111293,0
2014-05-28,102.72000122070312,0.0036933261,0
2014-05-29,103.58000183105469,0.0041569383,0
2014-05-30,102.70999908447266,0.0036914106,0
2014-06-02,102.47000122070312,0.003096148,0
2014-06-03,102.66000366210938,0.0029940591,0
2014-06-04,102.63999938964844,0.0021090815,0
2014-06-05,102.4800033569336,0.0020698744,0
2014-06-06,102.66000366210938,0.0017820612,0
2014-06-09,104.41000366210938,0.0022231706,0
2014-06-10,104.3499984741211,0.0031404272,0
2014-06-11,104.4000015258789,0.0031518165,0
2014-06-12,106.52999877929688,0.0049469136,0
2014-06-13,106.91000366210938,0.0064995387,0
2014-06-16,106.9000015258789,0.007443893,0
2014-06-17,106.36000061035156,0.007902892,0
2014-06-18,105.97000122070312,0.007958261,0
2014-06-19,106.43000030517578,0.007838426,0
2014-06-20,107.26000213623047,0.0068954043,0
2014-06-23,106.16999816894531,0.0065495507,0
2014-06-24,106.02999877929688,0.006199159,0
2014-06-25,106.5,0.004843411,0
2014-06-26,105.83999633789062,0.0045268917,0
2014-06-27,105.73999786376953,0.0043219556,0
2014-06-30,105.37000274658203,0.004355959,0
2014-07-01,105.33999633789062,0.004395314,0
2014-07-02,104.4800033569336,0.0039203526,0
2014-07-03,104.05999755859375,0.0031488878,0
2014-07-07,103.52999877929688,0.00328735,0
2014-07-08,103.4000015258789,0.003138582,0
2014-07-09,102.29000091552734,0.00258747,0
2014-07-10,102.93000030517578,0.0025169626,0
2014-07-11,100.83000183105469,0.0022825662,0
2014-07-14,100.91000366210938,0.002114451,0
2014-07-15,99.95999908447266,0.0018386903,0
2014-07-16,101.19999694824219,0.0016682248,0
2014-07-17,103.19000244140625,0.0018455696,0
2014-07-18,103.12999725341797,0.0020724533,0
2014-07-21,104.58999633789062,0.0028760966,0
2014-07-22,104.41999816894531,0.00403184,0
2014-07-23,103.12000274658203,0.004092071,0
2014-07-24,102.06999969482422,0.004830948,0
2014-07-25,102.08999633789062,0.004573055,0
2014-07-28,101.66999816894531,0.004503295,0
2014-07-29,100.97000122070312,0.0033163694,0
2014-07-30,100.2699966430664,0.002131865,0
2014-07-31,98.16999816894531,0.002364498,0
2014-08-01,97.87999725341797,0.0021449795,0
2014-08-04,98.29000091552734,0.0017938286,0
2014-08-05,97.37999725341797,0.001550773,0
2014-08-06,96.91999816894531,0.0013859877,0
2014-08-07,97.33999633789062,0.0010727398,0
2014-08-08,97.6500015258789,0.0007359556,0
2014-08-11,98.08000183105469,0.00054157304,0
2014-08-12,97.37000274658203,0.00039371414,0
2014-08-13,97.58999633789062,0.0003283775,0
2014-08-14,95.58000183105469,0.00044298946,0
2014-08-15,97.3499984741211,0.00053560623,0
2014-08-18,96.41000366210938,0.00051107694,0
2014-08-19,94.4800033569336,0.00058270816,0
2014-08-20,96.06999969482422,0.00044470365,0
2014-08-21,93.95999908447266,0.0006430516,0
2014-08-22,93.6500015258789,0.0008665271,0
2014-08-25,93.3499984741211,0.0009311692,0
2014-08-26,93.86000061035156,0.00091040693,0
2014-08-27,93.87999725341797,0.0004518886,0
2014-08-28,94.55000305175781,0.000846082,0
2014-08-29,95.95999908447266,0.0008805816,0
2014-09-02,92.87999725341797,0.00069390686,0
2014-09-03,95.54000091552734,0.0014006573,0
2014-09-04,94.44999694824219,0.0011696616,0
2014-09-05,93.29000091552734,0.0010766783,0
2014-09-08,92.66000366210938,0.0009034476,0
2014-09-09,92.75,0.0007502935,0
2014-09-10,91.66999816894531,0.0007275818,0
2014-09-11,92.83000183105469,0.0008017769,0
2014-09-12,92.2699966430664,0.0011395635,0
2014-09-15,92.91999816894531,0.00019696055,0
2014-09-16,94.87999725341797,0.0012160086,0
2014-09-17,94.41999816894531,0.0013130588,0
2014-09-18,93.06999969482422,0.0012594714,0
2014-09-19,92.41000366210938,0.0012637794,0
2014-09-22,91.5199966430664,0.0013348404,0
2014-09-23,91.55999755859375,0.0009776145,0
2014-09-24,92.80000305175781,0.0008277131,0
2014-09-25,92.52999877929688,0.00035448265,0
2014-09-26,93.54000091552734,0.00032522276,0
2014-09-29,94.56999969482422,0.00121834,0
2014-09-30,91.16000366210938,0.0015117117,0
2014-10-01,90.7300033569336,0.0015166563,0
2014-10-02,91.01000213623047,0.0014578402,0
2014-10-03,89.73999786376953,0.0012733827,0
2014-10-06,90.33999633789062,0.0010007282,0
2014-10-07,88.8499984741211,0.0014481541,0
2014-10-08,87.30999755859375,0.0020292737,0
2014-10-09,85.7699966430664,0.0038368688,0
2014-10-10,85.81999969482422,0.004928999,0
2014-10-13,85.73999786376953,0.0028958945,0
2014-10-14,81.83999633789062,0.0047201538,0
2014-10-15,81.77999877929688,0.00598438,0
2014-10-16,82.69999694824219,0.005263389,0
2014-10-17,82.75,0.005431428,0
2014-10-20,82.70999908447266,0.0038682322,0
2014-10-21,82.80999755859375,0.002575968,0
2014-10-22,80.5199966430664,0.0021390384,0
2014-10-23,82.08999633789062,0.002388134,0
2014-10-24,81.01000213623047,0.002377654,0
2014-10-27,81.0,0.0005359516,0
2014-10-28,81.41999816894531,0.00035661057,0
2014-10-29,82.19999694824219,0.00068047125,0
2014-10-30,81.12000274658203,0.0008013433,0
2014-10-31,80.54000091552734,0.0009707639,0
2014-11-03,78.77999877929688,0.0013103693,0
2014-11-04,77.19000244140625,0.0011453319,0
2014-11-05,78.68000030517578,0.0016803868,0
2014-11-06,77.91000366210938,0.0015484045,0
2014-11-07,78.6500015258789,0.0016323745,0
2014-11-10,77.4000015258789,0.0020118295,0
2014-11-11,77.94000244140625,0.0022996038,0
2014-11-12,77.18000030517578,0.0018313339,0
2014-11-13,74.20999908447266,0.002241785,0
2014-11-14,75.81999969482422,0.0017797432,0
2014-11-17,75.63999938964844,0.0015328754,0
2014-11-18,74.61000061035156,0.0019569527,0
2014-11-19,74.58000183105469,0.0017502928,0
2014-11-20,75.58000183105469,0.0016241247,0
2014-11-21,76.51000213623047,0.001030965,0
2014-11-24,75.77999877929688,0.0009794314,0
2014-11-25,74.08999633789062,0.00081361935,0
2014-11-26,73.69000244140625,0.0005264421,0
2014-11-28,66.1500015258789,0.0056676553,0
2014-12-01,69.0,0.0069264276,0
2014-12-02,66.87999725341797,0.008827491,0
2014-12-03,67.37999725341797,0.010019908,0
2014-12-04,66.80999755859375,0.011190248,0
2014-12-05,65.83999633789062,0.011190615,0
2014-12-08,63.04999923706055,0.01020223,0
2014-12-09,63.81999969482422,0.007696944,0
2014-12-10,60.939998626708984,0.0070417225,0
2014-12-11,59.95000076293945,0.0056222677,0
2014-12-12,57.810001373291016,0.008522293,0
2014-12-15,55.90999984741211,0.0113650905,0
2014-12-16,55.93000030517578,0.013879727,0
2014-12-17,56.470001220703125,0.014155723,0
2014-12-18,54.11000061035156,0.015014146,0
2014-12-19,56.52000045776367,0.012951223,0
2014-12-22,55.2599983215332,0.012569142,0
2014-12-23,57.119998931884766,0.009702449,0
2014-12-24,55.84000015258789,0.00867424,0
2014-12-26,54.72999954223633,0.008414213,0
2014-12-29,53.61000061035156,0.009350108,0
2014-12-30,54.119998931884766,0.009879978,0
2014-12-31,53.27000045776367,0.010734098,0
2015-01-02,52.689998626708984,0.011836965,0
2015-01-05,50.040000915527344,0.0148291085,0
2015-01-06,47.93000030517578,0.018937875,1
2015-01-07,48.650001525878906,0.020979544,1
2015-01-08,48.790000915527344,0.021324368,1
2015-01-09,48.36000061035156,0.021540899,1
2015-01-12,46.06999969482422,0.02343801,1
2015-01-13,45.88999938964844,0.024591442,1
2015-01-14,48.47999954223633,0.02192412,1
2015-01-15,46.25,0.020731537,1
2015-01-16,48.689998626708984,0.017418649,1
2015-01-20,46.38999938964844,0.017184816,1
2015-01-21,47.779998779296875,0.016811017,1
2015-01-22,46.310001373291016,0.016935369,1
2015-01-23,45.59000015258789,0.017141266,1
2015-01-26,45.150001525878906,0.01752555,1
2015-01-27,46.22999954223633,0.017956227,1
2015-01-28,44.45000076293945,0.019749384,1
2015-01-29,44.529998779296875,0.019742377,1
2015-01-30,48.2400016784668,0.018519389,1
2015-02-02,49.56999969482422,0.015780555,0
2015-02-03,53.04999923706055,0.0149453785,0
2015-02-04,48.45000076293945,0.014172795,0
2015-02-05,50.47999954223633,0.013677999,0
2015-02-06,51.689998626708984,0.013446609,0
2015-02-09,52.86000061035156,0.013202627,0
2015-02-10,50.02000045776367,0.013817525,0
2015-02-11,48.84000015258789,0.014915196,0
2015-02-12,51.209999084472656,0.014155893,0
2015-02-13,52.779998779296875,0.013580759,0
2015-02-17,53.529998779296875,0.012742475,0
2015-02-18,52.13999938964844,0.01216398,0
2015-02-19,51.15999984741211,0.012519424,0
2015-02-20,50.34000015258789,0.013284395,0
2015-02-23,49.45000076293945,0.014243795,0
2015-02-24,49.279998779296875,0.014890571,0
2015-02-25,50.9900016784668,0.015106695,0
2015-02-26,48.16999816894531,0.017104067,1
2015-02-27,49.7599983215332,0.017273495,1
2015-03-02,49.59000015258789,0.016723584,1
2015-03-03,50.52000045776367,0.014990645,0
2015-03-04,51.529998779296875,0.013492284,0
2015-03-05,50.7599983215332,0.012836918,0
2015-03-06,49.61000061035156,0.013096449,0
2015-03-09,50.0,0.01329953,0
2015-03-10,48.290000915527344,0.014479021,0
2015-03-11,48.16999816894531,0.015240058,0
2015-03-12,47.04999923706055,0.017219061,1
2015-03-13,44.84000015258789,0.020773068,1
2015-03-16,43.880001068115234,0.024555707,1
2015-03-17,43.459999084472656,0.027191218,1
2015-03-18,44.65999984741211,0.026501363,1
2015-03-19,43.959999084472656,0.025849277,1
2015-03-20,45.720001220703125,0.023661807,1
2015-03-23,47.45000076293945,0.019684236,1
2015-03-24,47.5099983215332,0.01712401,1
2015-03-25,49.209999084472656,0.014276127,0
2015-03-26,51.43000030517578,0.012523683,0
2015-03-27,48.869998931884766,0.012357747,0
2015-03-30,48.68000030517578,0.012692188,0
2015-03-31,47.599998474121094,0.013638595,0
2015-04-01,50.09000015258789,0.013628693,0
2015-04-02,49.13999938964844,0.013881539,0
2015-04-06,52.13999938964844,0.013308993,0
2015-04-07,53.97999954223633,0.0128532555,0
2015-04-08,50.41999816894531,0.013216886,0
2015-04-09,50.790000915527344,0.013153991,0
2015-04-10,51.63999938964844,0.012402395,0
2015-04-13,51.90999984741211,0.012295021,0
2015-04-14,53.290000915527344,0.012071522,0
2015-04-15,56.38999938964844,0.011322391,0
2015-04-16,56.709999084472656,0.011053411,0
2015-04-17,55.7400016784668,0.010074859,0
2015-04-20,56.380001068115234,0.009352014,0
2015-04-21,55.2599983215332,0.00929075,0
2015-04-22,56.15999984741211,0.008766443,0
2015-04-23,57.7400016784668,0.008106098,0
2015-04-24,57.150001525878906,0.007659198,0
2015-04-27,56.9900016784668,0.007000941,0
2015-04-28,57.060001373291016,0.0063744048,0
2015-04-29,58.58000183105469,0.005857376,0
2015-04-30,59.630001068115234,0.0054643196,0
2015-05-01,59.150001525878906,0.005093308,0
2015-05-04,58.93000030517578,0.004990584,0
2015-05-05,60.400001525878906,0.0043860744,0
2015-05-06,60.93000030517578,0.0038398565,0
2015-05-07,58.939998626708984,0.004051815,0
2015-05-08,59.38999938964844,0.004028081,0
2015-05-11,59.25,0.0039101127,0
2015-05-12,60.75,0.00325893,0
2015-05-13,60.5,0.0029845212,0
2015-05-14,59.880001068115234,0.0030675058,0
2015-05-15,59.689998626708984,0.0031289137,0
2015-05-18,59.43000030517578,0.0031511798,0
2015-05-19,57.2599983215332,0.0042168973,0
2015-05-20,58.97999954223633,0.004288451,0
2015-05-21,60.720001220703125,0.003903858,0
2015-05-22,59.720001220703125,0.0038438446,0
2015-05-26,58.029998779296875,0.004340061,0
2015-05-27,57.5099983215332,0.0049167536,0
2015-05-28,57.68000030517578,0.0052519487,0
2015-05-29,60.29999923706055,0.004742014,0
2015-06-01,60.20000076293945,0.004395782,0
2015-06-02,61.2599983215332,0.0041778847,0
2015-06-03,59.63999938964844,0.0038659438,0
2015-06-04,58.0,0.004338071,0
2015-06-05,59.130001068115234,0.004280288,0
2015-06-08,58.13999938964844,0.0047454787,0
2015-06-09,60.13999938964844,0.004473787,0
2015-06-10,61.43000030517578,0.003936201,0
2015-06-11,60.77000045776367,0.0033613867,0
2015-06-12,59.959999084472656,0.003358479,0
2015-06-15,59.52000045776367,0.0034050215,0
2015-06-16,59.970001220703125,0.003289496,0
2015-06-17,59.91999816894531,0.0033775042,0
2015-06-18,60.45000076293945,0.0030635626,0
2015-06-19,59.61000061035156,0.0032283436,0
2015-06-22,59.68000030517578,0.0030194488,0
2015-06-23,61.0099983215332,0.0027315954,0
2015-06-24,60.27000045776367,0.002610919,0
2015-06-25,59.70000076293945,0.002741901,0
2015-06-26,59.630001068115234,0.0028983918,0
2015-06-29,58.33000183105469,0.0034740742,0
2015-06-30,59.470001220703125,0.0035248052,0
2015-07-01,56.959999084472656,0.004727442,0
2015-07-02,56.93000030517578,0.0056889034,0
2015-07-06,52.529998779296875,0.010089298,0
2015-07-07,52.33000183105469,0.0137341665,0
2015-07-08,51.650001525878906,0.016768904,1
2015-07-09,52.779998779296875,0.017592046,1
2015-07-10,52.7400016784668,0.017694086,1
2015-07-13,52.20000076293945,0.017253427,1
2015-07-14,53.040000915527344,0.015767127,0
2015-07-15,51.40999984741211,0.014269893,0
2015-07-16,50.90999984741211,0.013745812,0
2015-07-17,50.88999938964844,0.012872845,0
2015-07-20,50.150001525878906,0.013799588,0
2015-07-21,50.36000061035156,0.014418364,0
2015-07-22,49.189998626708984,0.015703212,0
2015-07-23,48.45000076293945,0.016877357,1
2015-07-24,48.13999938964844,0.017709043,1
2015-07-27,47.38999938964844,0.018707309,1
2015-07-28,47.97999954223633,0.01814049,1
2015-07-29,48.790000915527344,0.01739328,1
2015-07-30,48.52000045776367,0.016828213,1
2015-07-31,47.119998931884766,0.016947106,1
2015-08-03,45.16999816894531,0.018604059,1
2015-08-04,45.7400016784668,0.01879947,1
2015-08-05,45.150001525878906,0.019559473,1
2015-08-06,44.65999984741211,0.020555373,1
2015-08-07,43.869998931884766,0.02185893,1
2015-08-10,44.959999084472656,0.02204081,1
2015-08-11,43.08000183105469,0.023066035,1
2015-08-12,43.29999923706055,0.022225793,1
2015-08-13,42.22999954223633,0.021426952,1
2015-08-14,42.5,0.02036741,1
2015-08-17,41.869998931884766,0.020927638,1
2015-08-18,42.619998931884766,0.019743381,1
2015-08-19,40.79999923706055,0.020060867,1
2015-08-20,41.13999938964844,0.019686202,1
2015-08-21,40.45000076293945,0.020208316,1
2015-08-24,38.2400016784668,0.020649513,1
2015-08-25,39.310001373291016,0.020882878,1
2015-08-26,38.599998474121094,0.020548943,1
2015-08-27,42.560001373291016,0.018254971,1
2015-08-28,45.220001220703125,0.0153594585,0
2015-08-31,49.20000076293945,0.01480688,0
2015-09-01,45.40999984741211,0.013141917,0
2015-09-02,46.25,0.013070921,0
2015-09-03,46.75,0.012927348,0
2015-09-04,46.04999923706055,0.01305747,0
2015-09-08,45.939998626708984,0.014073707,0
2015-09-09,44.150001525878906,0.016186366,1
2015-09-10,45.91999816894531,0.017037133,1
2015-09-11,44.630001068115234,0.01887178,1
2015-09-14,44.0,0.02048828,1
2015-09-15,44.59000015258789,0.018437486,1
2015-09-16,47.150001525878906,0.017457725,1
2015-09-17,46.900001525878906,0.0163672,1
2015-09-18,44.68000030517578,0.016225547,1
2015-09-21,46.68000030517578,0.01525137,0
2015-09-22,45.83000183105469,0.014787796,0
2015-09-23,44.47999954223633,0.016162746,0
2015-09-24,44.90999984741211,0.01620161,1
2015-09-25,45.70000076293945,0.016387379,1
2015-09-28,44.43000030517578,0.017785858,1
2015-09-29,45.22999954223633,0.018388625,1
2015-09-30,45.09000015258789,0.017577088,1
2015-10-01,44.7400016784668,0.01684979,1
2015-10-02,45.540000915527344,0.016941613,1
2015-10-05,46.2599983215332,0.015436875,0
2015-10-06,48.529998779296875,0.013857091,0
2015-10-07,47.810001373291016,0.013526484,0
2015-10-08,49.43000030517578,0.012930088,0
2015-10-09,49.630001068115234,0.012254102,0
2015-10-12,47.099998474121094,0.013082512,0
2015-10-13,46.65999984741211,0.014085708,0
2015-10-14,46.63999938964844,0.015219291,0
2015-10-15,46.380001068115234,0.016576443,1
2015-10-16,47.2599983215332,0.017182637,1
2015-10-19,45.88999938964844,0.0186088,1
2015-10-20,45.54999923706055,0.019339973,1
2015-10-21,45.20000076293945,0.020241907,1
2015-10-22,45.380001068115234,0.019510454,1
2015-10-23,44.599998474121094,0.018522093,1
2015-10-26,43.97999954223633,0.019225148,1
2015-10-27,43.20000076293945,0.020394284,1
2015-10-28,45.939998626708984,0.01909841,1
2015-10-29,46.060001373291016,0.017963689,1
2015-10-30,46.59000015258789,0.015906619,0
2015-11-02,46.13999938964844,0.015097109,0
2015-11-03,47.900001525878906,0.013972757,0
2015-11-04,46.31999969482422,0.013861297,0
2015-11-05,45.20000076293945,0.014312848,0
2015-11-06,44.290000915527344,0.015750244,0
2015-11-09,43.869998931884766,0.01768808,1
2015-11-10,44.209999084472656,0.019480575,1
2015-11-11,42.93000030517578,0.021172006,1
2015-11-12,41.75,0.023418365,1
2015-11-13,40.7400016784668,0.025455486,1
2015-11-16,41.7400016784668,0.02567618,1
2015-11-17,40.66999816894531,0.023872873,1
2015-11-18,40.75,0.022318155,1
2015-11-19,40.540000915527344,0.021090476,1
2015-11-20,40.38999938964844,0.020123608,1
2015-11-23,41.75,0.018178577,1
2015-11-24,42.869998931884766,0.014943369,0
2015-11-25,43.040000915527344,0.012868608,0
2015-11-27,41.709999084472656,0.012371944,0
2015-11-30,41.650001525878906,0.012981726,0
2015-12-01,41.849998474121094,0.012575099,0
2015-12-02,39.939998626708984,0.014270335,0
2015-12-03,41.08000183105469,0.014942314,0
2015-12-04,39.970001220703125,0.01648101,1
2015-12-07,37.650001525878906,0.02030699,1
2015-12-08,37.5099983215332,0.022652367,1
2015-12-09,37.15999984741211,0.023226907,1
2015-12-10,36.7599983215332,0.022487918,1
2015-12-11,35.619998931884766,0.023206526,1
2015-12-14,36.310001373291016,0.022158772,1
2015-12-15,37.349998474121094,0.018622985,1
2015-12-16,35.52000045776367,0.018405993,1
2015-12-17,34.95000076293945,0.016058553,0
2015-12-18,34.72999954223633,0.013833119,0
2015-12-21,34.7400016784668,0.01358453,0
2015-12-22,36.13999938964844,0.012161292,0
2015-12-23,37.5,0.01045379,0
2015-12-24,38.099998474121094,0.008899668,0
2015-12-28,36.810001373291016,0.008925907,0
2015-12-29,37.869998931884766,0.008584628,0
2015-12-30,36.599998474121094,0.007633782,0
2015-12-31,37.040000915527344,0.0078226235,0
2016-01-04,36.7599983215332,0.008600759,0
2016-01-05,35.970001220703125,0.010054441,0
2016-01-06,33.970001220703125,0.013404499,0
2016-01-07,33.27000045776367,0.0163984,1
2016-01-08,33.15999984741211,0.01771892,1
2016-01-11,31.40999984741211,0.018703718,1
2016-01-12,30.440000534057617,0.021074275,1
2016-01-13,30.479999542236328,0.020266553,1
2016-01-14,31.200000762939453,0.019031018,1
2016-01-15,29.420000076293945,0.017757561,1
2016-01-19,28.459999084472656,0.016237779,1
2016-01-20,26.549999237060547,0.015838359,0
2016-01-21,29.530000686645508,0.013662413,0
2016-01-22,32.189998626708984,0.010740675,0
2016-01-25,30.34000015258789,0.008495325,0
2016-01-26,31.450000762939453,0.007154216,0
2016-01-27,32.29999923706055,0.006481228,0
2016-01-28,33.220001220703125,0.0060253073,0
2016-01-29,33.619998931884766,0.005436587,0
2016-02-01,31.6200008392334,0.0054895794,0
2016-02-02,29.8799991607666,0.006419131,0
2016-02-03,32.279998779296875,0.0068524056,0
2016-02-04,31.719999313354492,0.007801801,0
2016-02-05,30.889999389648438,0.007930085,0
2016-02-08,29.690000534057617,0.009677237,0
2016-02-09,27.940000534057617,0.012225395,0
2016-02-10,27.450000762939453,0.014149542,0
2016-02-11,26.209999084472656,0.015567551,0
2016-02-12,29.440000534057617,0.012712514,0
2016-02-16,29.040000915527344,0.011370147,0
2016-02-17,30.65999984741211,0.010439759,0
2016-02-18,30.770000457763672,0.008109795,0
2016-02-19,29.639999389648438,0.0066608214,0
2016-02-22,31.479999542236328,0.005440995,0
2016-02-23,31.8700008392334,0.004971869,0
2016-02-24,32.150001525878906,0.0048658075,0
2016-02-25,33.06999969482422,0.004846978,0
2016-02-26,32.779998779296875,0.004729773,0
2016-02-29,33.75,0.004672017,0
2016-03-01,34.400001525878906,0.004842023,0
2016-03-02,34.65999984741211,0.004801701,0
2016-03-03,34.56999969482422,0.0047350815,0
2016-03-04,35.91999816894531,0.004996294,0
2016-03-07,37.900001525878906,0.0051521407,0
2016-03-08,36.5,0.005303597,0
2016-03-09,38.290000915527344,0.0055876947,0
2016-03-10,37.84000015258789,0.0056885607,0
2016-03-11,38.5,0.0061496906,0
2016-03-14,37.18000030517578,0.007019736,0
2016-03-15,36.34000015258789,0.008397522,0
2016-03-16,38.459999084472656,0.008927821,0
2016-03-17,40.20000076293945,0.009370988,0
2016-03-18,39.439998626708984,0.010140412,0
2016-03-21,39.90999984741211,0.009238848,0
2016-03-22,41.45000076293945,0.009614304,0
2016-03-23,39.790000915527344,0.009438901,0
2016-03-24,39.459999084472656,0.010096889,0
2016-03-28,39.38999938964844,0.010233648,0
2016-03-29,38.279998779296875,0.011795985,0
2016-03-30,38.31999969482422,0.014285417,0
2016-03-31,38.34000015258789,0.015913846,0
2016-04-01,36.790000915527344,0.016980194,1
2016-04-04,35.70000076293945,0.01920323,1
2016-04-05,35.88999938964844,0.020388447,1
2016-04-06,37.75,0.01719784,1
2016-04-07,37.2599983215332,0.015723223,0
2016-04-08,39.720001220703125,0.01325794,0
2016-04-11,40.36000061035156,0.010769396,0
2016-04-12,42.16999816894531,0.009560743,0
2016-04-13,41.7599983215332,0.008771116,0
2016-04-14,41.5,0.007927698,0
2016-04-15,40.36000061035156,0.008297964,0
2016-04-18,39.779998779296875,0.009650352,0
2016-04-19,41.08000183105469,0.011130458,0
2016-04-20,42.630001068115234,0.011319602,0
2016-04-21,43.18000030517578,0.012271294,0
2016-04-22,43.72999954223633,0.012278094,0
2016-04-25,42.63999938964844,0.0129601415,0
2016-04-26,44.040000915527344,0.01196222,0
2016-04-27,45.33000183105469,0.011187768,0
2016-04-28,46.029998779296875,0.010601951,0
2016-04-29,45.91999816894531,0.010829223,0
2016-05-02,44.779998779296875,0.012061028,0
2016-05-03,43.650001525878906,0.013924943,0
2016-05-04,43.779998779296875,0.015203008,0
2016-05-05,44.31999969482422,0.015912091,0
2016-05-06,44.65999984741211,0.016102644,0
2016-05-09,43.439998626708984,0.017830709,1
2016-05-10,44.65999984741211,0.018082216,1
2016-05-11,46.22999954223633,0.016839154,1
2016-05-12,46.70000076293945,0.015081991,0
2016-05-13,46.209999084472656,0.013689347,0
2016-05-16,47.720001220703125,0.012739239,0
2016-05-17,48.310001373291016,0.012543949,0
2016-05-18,48.189998626708984,0.012517047,0
2016-05-19,48.15999984741211,0.012541341,0
2016-05-20,47.75,0.012836007,0
2016-05-23,48.08000183105469,0.013307077,0
2016-05-24,48.619998931884766,0.013503266,0
2016-05-25,49.560001373291016,0.013219578,0
2016-05-26,49.47999954223633,0.013096638,0
2016-05-27,49.33000183105469,0.013207155,0
2016-05-31,49.099998474121094,0.0132680815,0
2016-06-01,49.0099983215332,0.01329645,0
2016-06-02,49.16999816894531,0.013327864,0
2016-06-03,48.619998931884766,0.0137740895,0
2016-06-06,49.689998626708984,0.0137689095,0
2016-06-07,50.36000061035156,0.013504821,0
2016-06-08,51.22999954223633,0.012932992,0
2016-06-09,50.560001373291016,0.012574961,0
2016-06-10,49.06999969482422,0.013066786,0
2016-06-13,48.880001068115234,0.013648803,0
2016-06-14,48.4900016784668,0.014452279,0
2016-06-15,48.0099983215332,0.01548778,0
2016-06-16,46.209999084472656,0.017837256,1
2016-06-17,47.97999954223633,0.018402787,1
2016-06-20,49.369998931884766,0.01769872,1
2016-06-21,48.849998474121094,0.016956607,1
2016-06-22,49.130001068115234,0.015497054,0
2016-06-23,50.11000061035156,0.013954048,0
2016-06-24,47.63999938964844,0.014392355,0
2016-06-27,46.33000183105469,0.01566078,0
2016-06-28,47.849998474121094,0.015720803,0
2016-06-29,49.880001068115234,0.01505774,0
2016-06-30,48.33000183105469,0.015571332,0
2016-07-01,48.9900016784668,0.015462263,0
2016-07-05,46.599998474121094,0.016518494,1
2016-07-06,47.43000030517578,0.01678788,1
2016-07-07,45.13999938964844,0.01845904,1
2016-07-08,45.40999984741211,0.018706227,1
2016-07-11,44.7599983215332,0.020349717,1
2016-07-12,46.79999923706055,0.020497233,1
2016-07-13,44.75,0.02155704,1
2016-07-14,45.68000030517578,0.019981328,1
2016-07-15,45.95000076293945,0.018888399,1
2016-07-18,45.2400016784668,0.017305026,1
2016-07-19,44.650001525878906,0.017495627,1
2016-07-20,44.939998626708984,0.01648919,1
2016-07-21,44.75,0.016931592,1
2016-07-22,44.189998626708984,0.01750825,1
2016-07-25,43.130001068115234,0.019171579,1
2016-07-26,42.91999816894531,0.019134276,1
2016-07-27,41.91999816894531,0.020959634,1
2016-07-28,41.13999938964844,0.022184957,1
2016-07-29,41.599998474121094,0.021787753,1
2016-08-01,40.060001373291016,0.022652913,1
2016-08-02,39.5099983215332,0.023635825,1
2016-08-03,40.83000183105469,0.022086028,1
2016-08-04,41.93000030517578,0.019312007,1
2016-08-05,41.79999923706055,0.016793683,1
2016-08-08,43.02000045776367,0.014686775,0
2016-08-09,42.77000045776367,0.012863162,0
2016-08-10,41.709999084472656,0.01236379,0
2016-08-11,43.4900016784668,0.011927056,0
2016-08-12,44.4900016784668,0.010835897,0
2016-08-15,45.7400016784668,0.010693621,0
2016-08-16,46.58000183105469,0.011130731,0
2016-08-17,46.790000915527344,0.011441741,0
2016-08-18,48.220001220703125,0.011399727,0
2016-08-19,48.52000045776367,0.011708615,0
2016-08-22,47.04999923706055,0.01213369,0
2016-08-23,48.099998474121094,0.012399851,0
2016-08-24,46.77000045776367,0.013452101,0
2016-08-25,47.33000183105469,0.014155778,0
2016-08-26,47.63999938964844,0.0146594215,0
2016-08-29,46.97999954223633,0.015426007,0
2016-08-30,46.349998474121094,0.016419003,1
2016-08-31,44.70000076293945,0.018522963,1
2016-09-01,43.15999984741211,0.021022858,1
2016-09-02,44.439998626708984,0.02119476,1
2016-09-06,44.83000183105469,0.021410832,1
2016-09-07,45.5,0.020113792,1
2016-09-08,47.619998931884766,0.018519456,1
2016-09-09,45.880001068115234,0.017581325,1
2016-09-12,46.290000915527344,0.016005496,0
2016-09-13,44.900001525878906,0.015514372,0
2016-09-14,43.58000183105469,0.01604053,0
2016-09-15,43.90999984741211,0.016983872,1
2016-09-16,43.029998779296875,0.019263549,1
2016-09-19,43.29999923706055,0.020591678,1
2016-09-20,43.439998626708984,0.02140401,1
2016-09-21,45.34000015258789,0.020441268,1
2016-09-22,46.31999969482422,0.017156046,1
2016-09-23,44.47999954223633,0.016349757,1
2016-09-26,45.93000030517578,0.01426852,0
2016-09-27,44.66999816894531,0.013845307,0
2016-09-28,47.04999923706055,0.013398737,0
2016-09-29,47.83000183105469,0.012815537,0
2016-09-30,48.2400016784668,0.012803994,0
2016-10-03,48.810001373291016,0.012786314,0
2016-10-04,48.689998626708984,0.012951088,0
2016-10-05,49.83000183105469,0.012564264,0
2016-10-06,50.439998626708984,0.012033163,0
2016-10-07,49.810001373291016,0.012140702,0
2016-10-11,50.790000915527344,0.012074042,0
2016-10-12,50.18000030517578,0.012095256,0
2016-10-13,50.439998626708984,0.012206785,0
2016-10-14,50.349998474121094,0.012372477,0
2016-10-17,49.939998626708984,0.012756443,0
2016-10-18,50.290000915527344,0.012971963,0
2016-10-19,51.599998474121094,0.012622351,0
2016-10-20,50.43000030517578,0.012760391,0
2016-10-21,50.849998474121094,0.012644743,0
2016-10-24,50.52000045776367,0.012767302,0
2016-10-25,49.959999084472656,0.013044745,0
2016-10-26,49.18000030517578,0.013837692,0
2016-10-27,49.720001220703125,0.014103897,0
2016-10-28,48.70000076293945,0.015012724,0
2016-10-31,46.86000061035156,0.017261954,1
2016-11-01,46.66999816894531,0.018986737,1
2016-11-02,45.34000015258789,0.020852443,1
2016-11-03,44.65999984741211,0.022968156,1
2016-11-04,44.06999969482422,0.02444474,1
2016-11-07,44.88999938964844,0.024145823,1
2016-11-08,44.97999954223633,0.023255289,1
2016-11-09,45.27000045776367,0.022013845,1
2016-11-10,44.65999984741211,0.020037368,1
2016-11-14,43.31999969482422,0.019117627,1
2016-11-15,45.810001373291016,0.01737429,1
2016-11-16,45.56999969482422,0.015724871,0
2016-11-17,45.41999816894531,0.015091839,0
2016-11-18,45.689998626708984,0.0148189645,0
2016-11-21,47.4900016784668,0.014358831,0
2016-11-22,48.029998779296875,0.01362291,0
2016-11-23,47.959999084472656,0.013128872,0
2016-11-25,46.060001373291016,0.013529944,0
2016-11-28,47.08000183105469,0.01375596,0
2016-11-29,45.22999954223633,0.015542528,0
2016-11-30,49.439998626708984,0.014648503,0
2016-12-01,51.060001373291016,0.013918701,0
2016-12-02,51.68000030517578,0.013514759,0
2016-12-05,51.790000915527344,0.013167274,0
2016-12-06,50.93000030517578,0.012872927,0
2016-12-07,49.77000045776367,0.012991965,0
2016-12-08,50.84000015258789,0.012983361,0
2016-12-09,51.5,0.01289103,0
2016-12-12,52.83000183105469,0.01278877,0
2016-12-13,52.97999954223633,0.011592167,0
2016-12-14,51.040000915527344,0.012039222,0
2016-12-15,50.900001525878906,0.012391208,0
2016-12-16,51.900001525878906,0.012066076,0
2016-12-19,52.119998931884766,0.01176588,0
2016-12-20,52.22999954223633,0.011773447,0
2016-12-21,52.4900016784668,0.011672286,0
2016-12-22,52.95000076293945,0.011418559,0
2016-12-23,53.02000045776367,0.011046574,0
2016-12-27,53.900001525878906,0.010277851,0
2016-12-28,54.060001373291016,0.009759074,0
2016-12-29,53.77000045776367,0.00961791,0
2016-12-30,53.720001220703125,0.009432502,0
2017-01-03,52.33000183105469,0.0100183245,0
2017-01-04,53.2599983215332,0.010103967,0
2017-01-05,53.7599983215332,0.010017191,0
2017-01-06,53.9900016784668,0.009882156,0
2017-01-09,51.959999084472656,0.010843193,0
2017-01-10,50.81999969482422,0.0123395175,0
2017-01-11,52.25,0.0124280285,0
2017-01-12,53.0099983215332,0.012027763,0
2017-01-13,52.369998931884766,0.011985202,0
2017-01-17,52.47999954223633,0.011941944,0
2017-01-18,51.08000183105469,0.012758808,0
2017-01-19,51.369998931884766,0.012976271,0
2017-01-20,52.41999816894531,0.012281602,0
2017-01-23,52.75,0.011516498,0
2017-01-24,53.18000030517578,0.01124419,0
2017-01-25,52.75,0.011124181,0
2017-01-26,53.779998779296875,0.0105498275,0
2017-01-27,53.16999816894531,0.010231981,0
2017-01-30,52.630001068115234,0.010272844,0
2017-01-31,52.810001373291016,0.010388068,0
2017-02-01,53.880001068115234,0.010121376,0
2017-02-02,53.540000915527344,0.009978477,0
2017-02-03,53.83000183105469,0.009790919,0
2017-02-06,53.0099983215332,0.009985821,0
2017-02-07,52.16999816894531,0.010626478,0
2017-02-08,52.34000015258789,0.010983347,0
2017-02-09,53.0,0.0108832,0
2017-02-10,53.86000061035156,0.010558201,0
2017-02-13,52.93000030517578,0.010733463,0
2017-02-14,53.20000076293945,0.010641558,0
2017-02-15,53.11000061035156,0.010494658,0
2017-02-16,53.36000061035156,0.010212043,0
2017-02-17,53.400001525878906,0.009960075,0
2017-02-21,54.060001373291016,0.009687433,0
2017-02-22,53.59000015258789,0.009692915,0
2017-02-23,54.45000076293945,0.009374568,0
2017-02-24,53.9900016784668,0.009216052,0
2017-02-27,54.04999923706055,0.009103239,0
2017-02-28,54.0099983215332,0.009100279,0
2017-03-01,53.83000183105469,0.009219738,0
2017-03-02,52.61000061035156,0.009981105,0
2017-03-03,53.33000183105469,0.01023181,0
2017-03-06,53.20000076293945,0.0104516335,0
2017-03-07,53.13999938964844,0.010638644,0
2017-03-08,50.279998779296875,0.012660054,0
2017-03-09,49.279998779296875,0.014957452,0
2017-03-10,48.4900016784668,0.017471973,1
2017-03-13,48.400001525878906,0.019177537,1
2017-03-14,47.720001220703125,0.020643322,1
2017-03-15,48.86000061035156,0.020322587,1
2017-03-16,48.75,0.020058839,1
2017-03-17,48.779998779296875,0.018861832,1
2017-03-20,48.220001220703125,0.017477667,1
2017-03-21,47.34000015258789,0.016058791,0
2017-03-22,48.040000915527344,0.015489871,0
2017-03-23,47.70000076293945,0.015442473,0
2017-03-24,47.970001220703125,0.015428394,0
2017-03-27,47.72999954223633,0.015586063,0
2017-03-28,48.369998931884766,0.015507281,0
2017-03-29,49.5099983215332,0.014549619,0
2017-03-30,50.349998474121094,0.013490247,0
2017-03-31,50.599998474121094,0.012585965,0
2017-04-03,50.2400016784668,0.012224445,0
2017-04-04,51.029998779296875,0.0119173415,0
2017-04-05,51.150001525878906,0.011709228,0
2017-04-06,51.70000076293945,0.011511242,0
2017-04-07,52.2400016784668,0.011331856,0
2017-04-10,53.08000183105469,0.011011903,0
2017-04-11,53.400001525878906,0.01063036,0
2017-04-12,53.11000061035156,0.01039255,0
2017-04-13,53.18000030517578,0.010209312,0
2017-04-17,52.650001525878906,0.010347338,0
2017-04-18,52.40999984741211,0.010536316,0
2017-04-19,50.439998626708984,0.012005249,0
2017-04-20,50.27000045776367,0.013410276,0
2017-04-21,49.619998931884766,0.015073517,0
2017-04-24,49.22999954223633,0.016592503,1
2017-04-25,49.560001373291016,0.017158862,1
2017-04-26,49.619998931884766,0.017112482,1
2017-04-27,48.970001220703125,0.017159382,1
2017-04-28,49.33000183105469,0.016421644,1
2017-05-01,48.84000015258789,0.015843041,0
2017-05-02,47.65999984741211,0.015852563,0
2017-05-03,47.81999969482422,0.01619382,1
2017-05-04,45.52000045776367,0.018197292,1
2017-05-05,46.220001220703125,0.01916965,1
2017-05-08,46.43000030517578,0.019686412,1
2017-05-09,45.880001068115234,0.020066304,1
2017-05-10,47.33000183105469,0.018927988,1
2017-05-11,47.83000183105469,0.017697876,1
2017-05-12,47.84000015258789,0.016162109,0
2017-05-15,48.849998474121094,0.014450687,0
2017-05-16,48.65999984741211,0.013577904,0
2017-05-17,49.06999969482422,0.012649411,0
2017-05-18,49.349998474121094,0.012592864,0
2017-05-19,50.33000183105469,0.012270795,0
2017-05-22,50.72999954223633,0.012047498,0
2017-05-23,51.470001220703125,0.011744459,0
2017-05-24,51.36000061035156,0.011599554,0
2017-05-25,48.900001525878906,0.012640419,0
2017-05-26,49.79999923706055,0.013069466,0
2017-05-30,49.65999984741211,0.013526802,0
2017-05-31,48.31999969482422,0.014860493,0
2017-06-01,48.36000061035156,0.015965912,0
2017-06-02,47.65999984741211,0.01733312,1
2017-06-05,47.400001525878906,0.018323965,1
2017-06-06,48.189998626708984,0.018103754,1
2017-06-07,45.720001220703125,0.019094005,1
2017-06-08,45.63999938964844,0.019392436,1
2017-06-09,45.83000183105469,0.020128317,1
2017-06-12,46.08000183105469,0.01969187,1
2017-06-13,46.459999084472656,0.018564638,1
2017-06-14,44.72999954223633,0.01921994,1
2017-06-15,44.459999084472656,0.019516867,1
2017-06-16,44.7400016784668,0.019458275,1
2017-06-19,44.20000076293945,0.019544292,1
2017-06-20,43.22999954223633,0.019111905,1
2017-06-21,42.529998779296875,0.020489933,1
2017-06-22,42.7400016784668,0.021189697,1
2017-06-23,43.0099983215332,0.020973932,1
2017-06-26,43.380001068115234,0.01983324,1
2017-06-27,44.2400016784668,0.017313944,1
2017-06-28,44.7400016784668,0.015995752,0
2017-06-29,44.93000030517578,0.014951167,0
2017-06-30,46.040000915527344,0.013372257,0
2017-07-03,47.06999969482422,0.012118682,0
2017-07-05,45.130001068115234,0.012340964,0
2017-07-06,45.52000045776367,0.012955837,0
2017-07-07,44.22999954223633,0.014423152,0
2017-07-10,44.400001525878906,0.015721476,0
2017-07-11,45.040000915527344,0.016478838,1
2017-07-12,45.4900016784668,0.01670185,1
2017-07-13,46.08000183105469,0.016512558,1
2017-07-14,46.540000915527344,0.016211014,1
2017-07-17,46.02000045776367,0.01574627,0
2017-07-18,46.400001525878906,0.014301976,0
2017-07-19,47.119998931884766,0.013826005,0
2017-07-20,46.790000915527344,0.013433705,0
2017-07-21,45.77000045776367,0.014302716,0
2017-07-24,46.34000015258789,0.014867147,0
2017-07-25,47.88999938964844,0.014593539,0
2017-07-26,48.75,0.014080012,0
2017-07-27,49.040000915527344,0.013524959,0
2017-07-28,49.709999084472656,0.012888795,0
2017-07-31,50.16999816894531,0.012540045,0
2017-08-01,49.15999984741211,0.012579752,0
2017-08-02,49.59000015258789,0.012429009,0
2017-08-03,49.029998779296875,0.012823465,0
2017-08-04,49.58000183105469,0.013096122,0
2017-08-07,49.38999938964844,0.013482736,0
2017-08-08,49.16999816894531,0.013905848,0
2017-08-09,49.560001373291016,0.013992868,0
2017-08-10,48.59000015258789,0.0145678595,0
2017-08-11,48.81999969482422,0.014685327,0
2017-08-14,47.59000015258789,0.015384438,0
2017-08-15,47.54999923706055,0.016156744,0
2017-08-16,46.779998779296875,0.01713653,1
2017-08-17,47.09000015258789,0.017714296,1
2017-08-18,48.5099983215332,0.01694287,1
2017-08-21,47.369998931884766,0.016890997,1
2017-08-22,47.63999938964844,0.016528983,1
2017-08-23,48.40999984741211,0.015420509,0
2017-08-24,47.43000030517578,0.015269445,0
2017-08-25,47.869998931884766,0.014647583,0
2017-08-28,46.56999969482422,0.015335317,0
2017-08-29,46.439998626708984,0.01601522,0
2017-08-30,45.959999084472656,0.017172787,1
2017-08-31,47.22999954223633,0.017164987,1
2017-09-01,47.290000915527344,0.016502533,1
2017-09-05,48.65999984741211,0.015696002,0
2017-09-06,49.15999984741211,0.01476597,0
2017-09-07,49.09000015258789,0.013698081,0
2017-09-08,47.47999954223633,0.013913912,0
2017-09-11,48.06999969482422,0.013632968,0
2017-09-12,48.22999954223633,0.013805615,0
2017-09-13,49.29999923706055,0.013660012,0
2017-09-14,49.88999938964844,0.013485536,0
2017-09-15,49.88999938964844,0.013339003,0
2017-09-18,49.90999984741211,0.013244209,0
2017-09-19,49.47999954223633,0.01316565,0
2017-09-20,50.40999984741211,0.012603119,0
2017-09-21,50.54999923706055,0.012256706,0
2017-09-22,50.65999984741211,0.012264101,0
2017-09-25,52.220001220703125,0.011879551,0
2017-09-26,51.880001068115234,0.011656451,0
2017-09-27,52.13999938964844,0.011371105,0
2017-09-28,51.560001373291016,0.011349146,0
2017-09-29,51.66999816894531,0.011366101,0
2017-10-02,50.58000183105469,0.012036831,0
2017-10-03,50.41999816894531,0.012724134,0
2017-10-04,49.97999954223633,0.013614091,0
2017-10-05,50.790000915527344,0.013897294,0
2017-10-06,49.290000915527344,0.014971832,0
2017-10-09,49.58000183105469,0.0152426865,0
2017-10-10,50.91999816894531,0.014580511,0
2017-10-11,51.29999923706055,0.0136704,0
2017-10-12,50.599998474121094,0.013277203,0
2017-10-13,51.45000076293945,0.012499957,0
2017-10-16,51.869998931884766,0.011984956,0
2017-10-17,51.880001068115234,0.011644947,0
2017-10-18,52.040000915527344,0.011363962,0
2017-10-19,51.290000915527344,0.011519255,0
2017-10-20,51.470001220703125,0.011750804,0
2017-10-23,51.900001525878906,0.011706674,0
2017-10-24,52.470001220703125,0.011430384,0
2017-10-25,52.18000030517578,0.011402015,0
2017-10-26,52.63999938964844,0.011211619,0
2017-10-27,53.900001525878906,0.01061956,0
2017-10-30,54.150001525878906,0.010068196,0
2017-10-31,54.380001068115234,0.009577328,0
2017-11-01,54.29999923706055,0.009302875,0
2017-11-02,54.540000915527344,0.00900685,0
2017-11-03,55.63999938964844,0.008498006,0
2017-11-06,57.349998474121094,0.007936787,0
2017-11-07,57.20000076293945,0.007589667,0
2017-11-08,56.810001373291016,0.00732141,0
2017-11-09,57.16999816894531,0.0069090845,0
2017-11-10,56.7400016784668,0.006788903,0
2017-11-13,56.7599983215332,0.0066959886,0
2017-11-14,55.70000076293945,0.007121256,0
2017-11-15,55.33000183105469,0.0076691755,0
2017-11-16,55.13999938964844,0.008178408,0
2017-11-17,56.54999923706055,0.007858606,0
2017-11-20,56.09000015258789,0.0077919983,0
2017-11-21,56.83000183105469,0.007441642,0
2017-11-22,58.02000045776367,0.0067871637,0
2017-11-24,58.95000076293945,0.006146333,0
2017-11-27,58.11000061035156,0.0057796817,0
2017-11-28,57.9900016784668,0.005636918,0
2017-11-29,57.29999923706055,0.0057580634,0
2017-11-30,57.400001525878906,0.005809029,0
2017-12-01,58.36000061035156,0.0053682486,0
2017-12-04,57.470001220703125,0.005573492,0
2017-12-05,57.619998931884766,0.005500567,0
2017-12-06,55.959999084472656,0.0062620463,0
2017-12-07,56.689998626708984,0.006481436,0
2017-12-08,57.36000061035156,0.006302113,0
2017-12-11,57.9900016784668,0.0060035964,0
2017-12-12,57.13999938964844,0.006093201,0
2017-12-13,56.599998474121094,0.006351231,0
2017-12-14,57.040000915527344,0.0062812665,0
2017-12-15,57.29999923706055,0.006091601,0
2017-12-18,57.15999984741211,0.006023971,0
2017-12-19,57.459999084472656,0.0060200216,0
2017-12-20,58.09000015258789,0.0056935498,0
2017-12-21,58.36000061035156,0.005327685,0
2017-12-22,58.470001220703125,0.0049968204,0
2017-12-26,59.970001220703125,0.0045770304,0
2017-12-27,59.63999938964844,0.004348869,0
2017-12-28,59.84000015258789,0.004021611,0
2017-12-29,60.41999816894531,0.0037322827,0
2018-01-02,60.369998931884766,0.0035589896,0
2018-01-03,61.630001068115234,0.003191083,0
2018-01-04,62.0099983215332,0.0027825555,0
2018-01-05,61.439998626708984,0.002517776,0
2018-01-08,61.72999954223633,0.0022299686,0
2018-01-09,62.959999084472656,0.0018222168,0
2018-01-10,63.56999969482422,0.0017967062,0
2018-01-11,63.79999923706055,0.0016814625,0
2018-01-12,64.30000305175781,0.0015326263,0
2018-01-16,63.72999954223633,0.0013905426,0
2018-01-17,63.970001220703125,0.0010278694,0
2018-01-18,63.95000076293945,0.0009296071,0
2018-01-19,63.369998931884766,0.00093974435,0
2018-01-22,63.4900016784668,0.00071755645,0
2018-01-23,64.47000122070312,0.00040781405,0
2018-01-24,65.61000061035156,0.00036178695,0
2018-01-25,65.51000213623047,0.00035527255,0
2018-01-26,66.13999938964844,0.0004324604,0
2018-01-29,65.55999755859375,0.0005180336,0
2018-01-30,64.5,0.00053985894,0
2018-01-31,64.7300033569336,0.00060136564,0
2018-02-01,65.80000305175781,0.00067770435,0
2018-02-02,65.44999694824219,0.0005360445,0
2018-02-05,64.1500015258789,0.00041143253,0
2018-02-06,63.38999938964844,0.0005721893,0
2018-02-07,61.790000915527344,0.0012967171,0
2018-02-08,61.150001525878906,0.002105048,0
2018-02-09,59.20000076293945,0.003714492,0
2018-02-12,59.290000915527344,0.0048583276,0
2018-02-13,59.189998626708984,0.005787332,0
2018-02-14,60.599998474121094,0.0057330485,0
2018-02-15,61.34000015258789,0.004774115,0
2018-02-16,61.68000030517578,0.0035991103,0
2018-02-20,61.900001525878906,0.0027721026,0
2018-02-21,61.68000030517578,0.0022255364,0
2018-02-22,62.77000045776367,0.0020122998,0
2018-02-23,63.54999923706055,0.0021157388,0
2018-02-26,63.90999984741211,0.002048571,0
2018-02-27,63.0099983215332,0.0018328453,0
2018-02-28,61.63999938964844,0.0014978196,0
2018-03-01,60.9900016784668,0.0016398443,0
2018-03-02,61.25,0.0017642297,0
2018-03-05,62.56999969482422,0.001632528,0
2018-03-06,62.599998474121094,0.0015561559,0
2018-03-07,61.150001525878906,0.0017404158,0
2018-03-08,60.119998931884766,0.0022898994,0
2018-03-09,62.040000915527344,0.0020560415,0
2018-03-12,61.36000061035156,0.0018854697,0
2018-03-13,60.709999084472656,0.0020058583,0
2018-03-14,60.959999084472656,0.0021067397,0
2018-03-15,61.189998626708984,0.0020852054,0
2018-03-16,62.34000015258789,0.0018557137,0
2018-03-19,62.060001373291016,0.0016658746,0
2018-03-20,63.400001525878906,0.001506725,0
2018-03-21,65.16999816894531,0.0017402247,0
2018-03-22,64.30000305175781,0.0015376336,0
2018-03-23,65.87999725341797,0.001977436,0
2018-03-26,65.55000305175781,0.0021872118,0
2018-03-27,65.25,0.001964621,0
2018-03-28,64.37999725341797,0.001619036,0
2018-03-29,64.94000244140625,0.0011469203,0
2018-04-02,63.0099983215332,0.0012095388,0
2018-04-03,63.5099983215332,0.0008953128,0
2018-04-04,63.369998931884766,0.00085038674,0
2018-04-05,63.540000915527344,0.0009175314,0
2018-04-06,62.060001373291016,0.0012458819,0
2018-04-09,63.41999816894531,0.0010627477,0
2018-04-10,65.51000213623047,0.0008635356,0
2018-04-11,66.81999969482422,0.0010474953,0
2018-04-12,67.06999969482422,0.0013788084,0
2018-04-13,67.38999938964844,0.0019172756,0
2018-04-16,66.22000122070312,0.0019150715,0
2018-04-17,66.5199966430664,0.0020229975,0
2018-04-18,68.47000122070312,0.0024428447,0
2018-04-19,68.29000091552734,0.002616759,0
2018-04-20,68.37999725341797,0.0015716271,0
2018-04-23,68.63999938964844,0.0007899163,0
2018-04-24,67.69999694824219,0.0005068118,0
2018-04-25,68.05000305175781,0.0005136191,0
2018-04-26,68.19000244140625,0.0005799439,0
2018-04-27,68.0999984741211,0.0007081206,0
2018-04-30,68.56999969482422,0.00051627785,0
2018-05-01,67.25,0.00026402358,0
2018-05-02,67.93000030517578,0.00026037925,0
2018-05-03,68.43000030517578,0.0002572905,0
2018-05-04,69.72000122070312,0.00042771408,0
2018-05-07,70.7300033569336,0.0008730607,0
2018-05-08,69.05999755859375,0.0007977088,0
2018-05-09,71.13999938964844,0.0011981301,0
2018-05-10,71.36000061035156,0.0015960841,0
2018-05-11,70.69999694824219,0.0017045531,0
2018-05-14,70.95999908447266,0.0019176503,0
2018-05-15,71.30999755859375,0.0016010841,0
2018-05-16,71.48999786376953,0.0013161597,0
2018-05-17,71.48999786376953,0.0009683572,0
2018-05-18,71.27999877929688,0.00086077367,0
2018-05-21,72.23999786376953,0.0010209046,0
2018-05-22,72.12999725341797,0.0005914331,0
2018-05-23,71.83999633789062,0.0005913959,0
2018-05-24,70.70999908447266,0.00061778515,0
2018-05-25,67.87999725341797,0.0012727503,0
2018-05-29,66.7300033569336,0.002450702,0
2018-05-30,68.20999908447266,0.0028937382,0
2018-05-31,67.04000091552734,0.0034735654,0
2018-06-01,65.80999755859375,0.0040710224,0
2018-06-04,64.75,0.004659665,0
2018-06-05,65.5199966430664,0.0040708864,0
2018-06-06,64.7300033569336,0.0032917182,0
2018-06-07,65.94999694824219,0.0019052982,0
2018-06-08,65.73999786376953,0.00087366474,0
2018-06-11,66.0999984741211,0.00061870704,0
2018-06-12,66.36000061035156,0.0004338795,0
2018-06-13,66.63999938964844,0.00016908254,0
2018-06-14,66.88999938964844,0.00022232618,0
2018-06-15,65.05999755859375,0.00039440015,0
2018-06-18,65.8499984741211,0.0003385968,0
2018-06-19,65.06999969482422,0.000475492,0
2018-06-20,66.22000122070312,0.00032053422,0
2018-06-21,65.54000091552734,0.00034154137,0
2018-06-22,68.58000183105469,0.00060246076,0
2018-06-25,68.08000183105469,0.00069989235,0
2018-06-26,70.52999877929688,0.0015854381,0
2018-06-27,72.76000213623047,0.003656275,0
2018-06-28,73.44999694824219,0.00599351,0
2018-06-29,74.1500015258789,0.0075288834,0
2018-07-02,73.94000244140625,0.008264221,0
2018-07-03,74.13999938964844,0.007731112,0
2018-07-05,72.94000244140625,0.0065556155,0
2018-07-06,73.80000305175781,0.00371303,0
2018-07-09,73.8499984741211,0.0025621164,0
2018-07-10,74.11000061035156,0.0007982553,0
2018-07-11,70.37999725341797,0.000872377,0
2018-07-12,70.33000183105469,0.0014117254,0
2018-07-13,71.01000213623047,0.0016319742,0
2018-07-16,68.05999755859375,0.0027753715,0
2018-07-17,68.08000183105469,0.0035169509,0
2018-07-18,68.76000213623047,0.0036690072,0
2018-07-19,69.45999908447266,0.0036106743,0
2018-07-20,70.45999908447266,0.002982999,0
2018-07-23,67.88999938964844,0.0022253708,0
2018-07-24,68.5199966430664,0.0010421734,0
2018-07-25,69.30000305175781,0.0009340154,0
2018-07-26,69.61000061035156,0.000857866,0
2018-07-27,68.69000244140625,0.0007667005,0
2018-07-30,70.12999725341797,0.0008171629,0
2018-07-31,68.76000213623047,0.0006811748,0
2018-08-01,67.66000366210938,0.0007263108,0
2018-08-02,68.95999908447266,0.00071442616,0
2018-08-03,68.48999786376953,0.0007178188,0
2018-08-06,69.01000213623047,0.0006064395,0
2018-08-07,69.16999816894531,0.00052763894,0
2018-08-08,66.94000244140625,0.0006825115,0
2018-08-09,66.80999755859375,0.0008329336,0
2018-08-10,67.62999725341797,0.0007962651,0
2018-08-13,67.19999694824219,0.000709101,0
2018-08-14,67.04000091552734,0.000745665,0
2018-08-15,65.01000213623047,0.0011054586,0
2018-08-16,65.45999908447266,0.0011964951,0
2018-08-17,65.91000366210938,0.0011045827,0
2018-08-20,66.43000030517578,0.0008127809,0
2018-08-21,67.3499984741211,0.000500155,0
2018-08-22,67.86000061035156,0.00049448723,0
2018-08-23,67.83000183105469,0.0004474711,0
2018-08-24,68.72000122070312,0.0006188564,0
2018-08-27,68.87000274658203,0.000908937,0
2018-08-28,68.52999877929688,0.0012371556,0
2018-08-29,69.51000213623047,0.0012406877,0
2018-08-30,70.25,0.0013361603,0
2018-08-31,69.80000305175781,0.001167471,0
2018-09-04,69.87000274658203,0.00094099605,0
2018-09-05,68.72000122070312,0.0007876054,0
2018-09-06,67.7699966430664,0.0008257216,0
2018-09-07,67.75,0.00081817276,0
2018-09-10,67.54000091552734,0.0009458517,0
2018-09-11,69.25,0.0009594175,0
2018-09-12,70.37000274658203,0.0009769495,0
2018-09-13,68.58999633789062,0.0008305277,0
2018-09-14,68.98999786376953,0.00068397063,0
2018-09-17,68.91000366210938,0.0006237256,0
2018-09-18,69.8499984741211,0.00076624815,0
2018-09-19,71.12000274658203,0.0012518034,0
2018-09-20,70.80000305175781,0.0013636142,0
2018-09-21,70.77999877929688,0.0013165958,0
2018-09-24,72.08000183105469,0.00127382,0
2018-09-25,72.27999877929688,0.001503528,0
2018-09-26,71.56999969482422,0.0017020686,0
2018-09-27,72.12000274658203,0.0015925113,0
2018-09-28,73.25,0.0016520803,0
2018-10-01,75.30000305175781,0.0019605712,0
2018-10-02,75.2300033569336,0.0019547201,0
2018-10-03,76.41000366210938,0.002523212,0
2018-10-04,74.33000183105469,0.0020817958,0
2018-10-05,74.33999633789062,0.0016810863,0
2018-10-08,74.29000091552734,0.001609367,0
2018-10-09,74.95999908447266,0.0014033997,0
2018-10-10,73.16999816894531,0.0009754525,0
2018-10-11,70.97000122070312,0.0014306834,0
2018-10-12,71.33999633789062,0.0019321842,0
2018-10-15,71.77999877929688,0.0019776754,0
2018-10-16,71.91999816894531,0.0019438786,0
2018-10-17,69.75,0.0018067552,0
2018-10-18,68.6500015258789,0.0024176852,0
2018-10-19,69.12000274658203,0.002545502,0
2018-10-22,69.16999816894531,0.0025205053,0
2018-10-23,66.43000030517578,0.0026579155,0
2018-10-24,66.81999969482422,0.0026607742,0
2018-10-25,67.33000183105469,0.0026434981,0
2018-10-26,67.58999633789062,0.0022716122,0
2018-10-29,67.04000091552734,0.0016723631,0
2018-10-30,66.18000030517578,0.0009876607,0
2018-10-31,65.30999755859375,0.0010161316,0
2018-11-01,63.689998626708984,0.0016022954,0
2018-11-02,63.13999938964844,0.0020734393,0
2018-11-05,63.099998474121094,0.002155974,0
2018-11-06,62.209999084472656,0.002740854,0
2018-11-07,61.66999816894531,0.003210382,0
2018-11-08,60.66999816894531,0.0037416003,0
2018-11-09,60.189998626708984,0.003931036,0
2018-11-12,59.93000030517578,0.0038611523,0
2018-11-13,55.689998626708984,0.006720677,0
2018-11-14,56.25,0.008284666,0
2018-11-15,56.459999084472656,0.009369975,0
2018-11-16,56.459999084472656,0.009904227,0
2018-11-19,56.7599983215332,0.009532322,0
2018-11-20,53.43000030517578,0.011501493,0
2018-11-21,54.630001068115234,0.011611937,0
2018-11-23,50.41999816894531,0.015071848,0
2018-11-26,51.630001068115234,0.015877698,0
2018-11-27,51.560001373291016,0.015955197,0
2018-11-28,50.290000915527344,0.01772441,1
2018-11-29,51.45000076293945,0.017589709,1
2018-11-30,50.93000030517578,0.017266518,1
2018-12-03,52.95000076293945,0.01521408,0
2018-12-04,53.25,0.012883136,0
2018-12-06,51.4900016784668,0.012501964,0
2018-12-07,52.61000061035156,0.011301542,0
2018-12-10,51.0,0.011855186,0
2018-12-11,51.650001525878906,0.011930154,0
2018-12-12,51.150001525878906,0.012417771,0
2018-12-13,52.58000183105469,0.012180424,0
2018-12-14,51.20000076293945,0.0127363205,0
2018-12-17,49.880001068115234,0.01391728,0
2018-12-18,46.2400016784668,0.017821254,1
2018-12-19,47.20000076293945,0.019504929,1
2018-12-20,45.880001068115234,0.022276659,1
2018-12-21,45.59000015258789,0.023945713,1
2018-12-24,42.529998779296875,0.028941106,1
2018-12-26,46.220001220703125,0.027878586,1
2018-12-27,44.61000061035156,0.027751079,1
2018-12-28,45.33000183105469,0.02433038,1
2018-12-31,45.40999984741211,0.020951798,1
2019-01-02,46.540000915527344,0.017257173,1
2019-01-03,47.09000015258789,0.016172964,0
2019-01-04,47.959999084472656,0.014219376,0
2019-01-07,48.52000045776367,0.013173516,0
2019-01-08,49.779998779296875,0.012299254,0
2019-01-09,52.36000061035156,0.012291786,0
2019-01-10,52.59000015258789,0.011932084,0
2019-01-11,51.59000015258789,0.011885424,0
2019-01-14,50.5099983215332,0.012159141,0
2019-01-15,52.11000061035156,0.011974921,0
2019-01-16,52.310001373291016,0.01180332,0
2019-01-17,52.06999969482422,0.011722652,0
2019-01-18,53.79999923706055,0.011302109,0
2019-01-22,52.56999969482422,0.011198337,0
2019-01-23,52.619998931884766,0.010993016,0
2019-01-24,53.130001068115234,0.010598222,0
2019-01-25,53.689998626708984,0.010165806,0
2019-01-28,51.9900016784668,0.010778367,0
2019-01-29,53.310001373291016,0.010532174,0
2019-01-30,54.22999954223633,0.010112223,0
2019-01-31,53.790000915527344,0.009969996,0
2019-02-01,55.2599983215332,0.009265371,0
2019-02-04,54.560001373291016,0.008965666,0
2019-02-05,53.65999984741211,0.009163965,0
2019-02-06,54.0099983215332,0.00918171,0
2019-02-07,52.63999938964844,0.009888744,0
2019-02-08,52.720001220703125,0.0106110675,0
2019-02-11,52.40999984741211,0.011328379,0
2019-02-12,53.099998474121094,0.01147418,0
2019-02-13,53.900001525878906,0.011135579,0
2019-02-14,54.40999984741211,0.010511113,0
2019-02-15,55.59000015258789,0.009429772,0
2019-02-19,56.09000015258789,0.0086471895,0
2019-02-20,56.91999816894531,0.0079824235,0
2019-02-21,56.959999084472656,0.007587881,0
2019-02-22,57.2599983215332,0.0072853602,0
2019-02-25,55.47999954223633,0.007585869,0
2019-02-26,55.5,0.007709697,0
2019-02-27,56.939998626708984,0.00731327,0
2019-02-28,57.220001220703125,0.00695875,0
2019-03-01,55.79999923706055,0.0071923262,0
2019-03-04,56.59000015258789,0.007146579,0
2019-03-05,56.560001373291016,0.0070376955,0
2019-03-06,56.220001220703125,0.007051279,0
2019-03-07,56.65999984741211,0.0068354025,0
2019-03-08,56.06999969482422,0.007047204,0
2019-03-11,56.790000915527344,0.0069486266,0
2019-03-12,56.869998931884766,0.0067003453,0
2019-03-13,58.2599983215332,0.0061222496,0
2019-03-14,58.61000061035156,0.00575369,0
2019-03-15,58.52000045776367,0.0053689387,0
2019-03-18,59.09000015258789,0.00501192,0
2019-03-19,59.029998779296875,0.004778483,0
2019-03-20,59.83000183105469,0.004403317,0
2019-03-21,59.97999954223633,0.0041968664,0
2019-03-22,59.040000915527344,0.004008371,0
2019-03-25,58.81999969482422,0.004004143,0
2019-03-26,59.939998626708984,0.003554289,0
2019-03-27,59.40999984741211,0.0034967072,0
2019-03-28,59.29999923706055,0.003500631,0
2019-03-29,60.13999938964844,0.0032649306,0
2019-04-01,61.59000015258789,0.0029455242,0
2019-04-02,62.58000183105469,0.002635608,0
2019-04-03,62.459999084472656,0.002463933,0
2019-04-04,62.099998474121094,0.0024338495,0
2019-04-05,63.08000183105469,0.0022894025,0
2019-04-08,64.4000015258789,0.0021794112,0
2019-04-09,63.97999954223633,0.0022849631,0
2019-04-10,64.61000061035156,0.002110223,0
2019-04-11,63.58000183105469,0.0014831944,0
2019-04-12,63.88999938964844,0.0009049113,0
2019-04-15,63.400001525878906,0.0007327134,0
2019-04-16,64.05000305175781,0.0007116484,0
2019-04-17,63.7599983215332,0.00067062397,0
2019-04-18,64.0,0.0004205259,0
2019-04-22,65.69999694824219,0.000320684,0
2019-04-23,66.30000305175781,0.00046352064,0
2019-04-24,65.88999938964844,0.0005044495,0
2019-04-25,65.20999908447266,0.00060610776,0
2019-04-26,63.29999923706055,0.00080018176,0
2019-04-29,63.5,0.0010099976,0
2019-04-30,63.90999984741211,0.0010022055,0
2019-05-01,63.599998474121094,0.0011210941,0
2019-05-02,61.810001373291016,0.0016309198,0
2019-05-03,61.939998626708984,0.0019321935,0
2019-05-06,62.25,0.001962693,0
2019-05-07,61.400001525878906,0.001969648,0
2019-05-08,62.119998931884766,0.001637792,0
2019-05-09,61.70000076293945,0.0015298545,0
2019-05-10,61.65999984741211,0.0015943472,0
2019-05-13,61.040000915527344,0.0017393176,0
2019-05-14,61.779998779296875,0.001554637,0
2019-05-15,62.02000045776367,0.0013801346,0
2019-05-16,62.869998931884766,0.0012321423,0
2019-05-17,62.7599983215332,0.0011277965,0
2019-05-20,63.099998474121094,0.0010797019,0
2019-05-21,62.9900016784668,0.0009930141,0
2019-05-22,61.41999816894531,0.0012568017,0
2019-05-23,57.90999984741211,0.00308128,0
2019-05-24,58.630001068115234,0.0041699214,0
2019-05-28,59.13999938964844,0.0047338344,0
2019-05-29,58.810001373291016,0.0054063164,0
2019-05-30,56.59000015258789,0.007248697,0
2019-05-31,53.5,0.011107449,0
2019-06-03,53.25,0.013901183,0
2019-06-04,53.47999954223633,0.0150015075,0
2019-06-05,51.68000030517578,0.016406925,1
2019-06-06,52.59000015258789,0.016470995,1
2019-06-07,53.9900016784668,0.015914049,0
2019-06-10,53.2599983215332,0.015003687,0
2019-06-11,53.27000045776367,0.013134593,0
2019-06-12,51.13999938964844,0.012465728,0
2019-06-13,52.279998779296875,0.011766766,0
2019-06-14,52.5099983215332,0.011703128,0
2019-06-17,51.93000030517578,0.011925116,0
2019-06-18,53.900001525878906,0.011331422,0
2019-06-19,53.7599983215332,0.010976876,0
2019-06-20,56.650001525878906,0.010009239,0
2019-06-21,57.43000030517578,0.009194024,0
2019-06-24,57.900001525878906,0.008661221,0
2019-06-25,57.83000183105469,0.008453772,0
2019-06-26,59.380001068115234,0.00792803,0
2019-06-27,59.43000030517578,0.0075219786,0
2019-06-28,58.470001220703125,0.0070318254,0
2019-07-01,59.09000015258789,0.0058672125,0
2019-07-02,56.25,0.0063323006,0
2019-07-03,57.34000015258789,0.005756349,0
2019-07-05,57.5099983215332,0.0058404924,0
2019-07-08,57.65999984741211,0.0058989637,0
2019-07-09,57.83000183105469,0.005931179,0
2019-07-10,60.43000030517578,0.0052433894,0
2019-07-11,60.20000076293945,0.0047043962,0
2019-07-12,60.209999084472656,0.0043026484,0
2019-07-15,59.58000183105469,0.0041300533,0
2019-07-16,57.619998931884766,0.004847548,0
2019-07-17,56.779998779296875,0.0055108,0
2019-07-18,55.29999923706055,0.0071787387,0
2019-07-19,55.630001068115234,0.008326336,0
2019-07-22,56.220001220703125,0.008938229,0
2019-07-23,56.77000045776367,0.009007769,0
2019-07-24,55.880001068115234,0.009137439,0
2019-07-25,56.02000045776367,0.008795772,0
2019-07-26,56.20000076293945,0.008011046,0
2019-07-29,56.869998931884766,0.0070741936,0
2019-07-30,58.04999923706055,0.0063960985,0
2019-07-31,58.58000183105469,0.006010187,0
2019-08-01,53.95000076293945,0.007656064,0
2019-08-02,55.65999984741211,0.007983032,0
2019-08-05,54.689998626708984,0.008759869,0
2019-08-06,53.630001068115234,0.010178537,0
2019-08-07,51.09000015258789,0.0135062365,0
2019-08-08,52.540000915527344,0.014834288,0
2019-08-09,54.5,0.014301658,0
2019-08-12,54.93000030517578,0.013170773,0
2019-08-13,57.099998474121094,0.010984108,0
2019-08-14,55.22999954223633,0.00957593,0
2019-08-15,54.470001220703125,0.009426711,0
2019-08-16,54.869998931884766,0.008958196,0
2019-08-19,56.209999084472656,0.008473501,0
2019-08-20,56.34000015258789,0.008498418,0
2019-08-21,55.68000030517578,0.008175949,0
2019-08-22,55.349998474121094,0.008107809,0
2019-08-23,54.16999816894531,0.008844795,0
2019-08-26,53.63999938964844,0.009542918,0
2019-08-27,54.93000030517578,0.009308668,0
2019-08-28,55.779998779296875,0.009055773,0
2019-08-29,56.709999084472656,0.008553678,0
2019-08-30,55.099998474121094,0.008595058,0
2019-09-03,53.939998626708984,0.00906333,0
2019-09-04,56.2599983215332,0.008377109,0
2019-09-05,56.29999923706055,0.007924808,0
2019-09-06,56.52000045776367,0.007676893,0
2019-09-09,57.849998474121094,0.0073086545,0
2019-09-10,57.400001525878906,0.006853019,0
2019-09-11,55.75,0.007095041,0
2019-09-12,55.09000015258789,0.007573469,0
2019-09-13,54.849998474121094,0.008242226,0
2019-09-16,62.900001525878906,0.008389929,0
2019-09-17,59.34000015258789,0.0076229065,0
2019-09-18,58.11000061035156,0.00754995,0
2019-09-19,58.130001068115234,0.0074261473,0
2019-09-20,58.09000015258789,0.0072300793,0
2019-09-23,58.63999938964844,0.007051119,0
2019-09-24,57.290000915527344,0.007559684,0
2019-09-25,56.4900016784668,0.008228028,0
2019-09-26,56.40999984741211,0.0085215345,0
2019-09-27,55.90999984741211,0.0083882045,0
2019-09-30,54.06999969482422,0.00889787,0
2019-10-01,53.619998931884766,0.010438097,0
2019-10-02,52.63999938964844,0.012373364,0
2019-10-03,52.45000076293945,0.013781192,0
2019-10-04,52.810001373291016,0.014076074,0
2019-10-07,52.75,0.013621,0
2019-10-08,52.630001068115234,0.013226303,0
2019-10-09,52.59000015258789,0.012715054,0
2019-10-10,53.54999923706055,0.0114699295,0
2019-10-11,54.70000076293945,0.010125974,0
2019-10-14,53.59000015258789,0.009771966,0
2019-10-15,52.810001373291016,0.009941074,0
2019-10-16,53.36000061035156,0.009938658,0
2019-10-17,53.93000030517578,0.009712088,0
2019-10-18,53.779998779296875,0.009644183,0
2019-10-21,53.310001373291016,0.0098738605,0
2019-10-22,54.15999984741211,0.009764382,0
2019-10-23,55.970001220703125,0.009101227,0
2019-10-24,56.22999954223633,0.00838705,0
2019-10-25,56.65999984741211,0.007801955,0
2019-10-28,55.810001373291016,0.0077065253,0
2019-10-29,55.540000915527344,0.0077077076,0
2019-10-30,55.060001373291016,0.0079268515,0
2019-10-31,54.18000030517578,0.008652829,0
2019-11-01,56.20000076293945,0.0084902225,0
2019-11-04,56.540000915527344,0.00812103,0
2019-11-05,57.22999954223633,0.0075284876,0
2019-11-06,56.349998474121094,0.0073644756,0
2019-11-07,57.150001525878906,0.0069009624,0
2019-11-08,57.2400016784668,0.0065509146,0
2019-11-11,56.86000061035156,0.006443466,0
2019-11-12,56.79999923706055,0.0064867446,0
2019-11-13,57.119998931884766,0.00648863,0
2019-11-14,56.77000045776367,0.0062793205,0
2019-11-15,57.720001220703125,0.006010552,0
2019-11-18,57.04999923706055,0.0059742318,0
2019-11-19,55.209999084472656,0.0069595473,0
2019-11-20,57.11000061035156,0.0067420327,0
2019-11-21,58.58000183105469,0.006186972,0
2019-11-22,57.77000045776367,0.0060024327,0
2019-11-25,58.0099983215332,0.0057884743,0
2019-11-26,58.40999984741211,0.0054863095,0
2019-11-27,58.11000061035156,0.005355513,0
2019-11-29,55.16999816894531,0.0065411804,0
2019-12-02,55.959999084472656,0.0071632727,0
2019-12-03,56.099998474121094,0.007775354,0
2019-12-04,58.43000030517578,0.0070095896,0
2019-12-05,58.43000030517578,0.0065210117,0
2019-12-06,59.20000076293945,0.0059735794,0
2019-12-09,59.02000045776367,0.0055509387,0
2019-12-10,59.2400016784668,0.0051082717,0
2019-12-11,58.7599983215332,0.004886835,0
2019-12-12,59.18000030517578,0.0049196775,0
2019-12-13,60.06999969482422,0.004355896,0
2019-12-16,60.209999084472656,0.0039118184,0
2019-12-17,60.939998626708984,0.0030963519,0
2019-12-18,60.93000030517578,0.0028596567,0
2019-12-19,61.220001220703125,0.0025910563,0
2019-12-20,60.439998626708984,0.0025726224,0
2019-12-23,60.52000045776367,0.0025038358,0
2019-12-24,61.11000061035156,0.0023916226,0
2019-12-26,61.68000030517578,0.0020970837,0
2019-12-27,61.720001220703125,0.0018285174,0
2019-12-30,61.68000030517578,0.0017121339,0
2019-12-31,61.060001373291016,0.0016928095,0
2020-01-02,61.18000030517578,0.0017196548,0
2020-01-03,63.04999923706055,0.0015589512,0
2020-01-06,63.27000045776367,0.0015087365,0
2020-01-07,62.70000076293945,0.0013901994,0
2020-01-08,59.61000061035156,0.0020580876,0
2020-01-09,59.560001373291016,0.0027019114,0
2020-01-10,59.040000915527344,0.00349994,0
2020-01-13,58.08000183105469,0.0046341256,0
2020-01-14,58.22999954223633,0.0054589394,0
2020-01-15,57.810001373291016,0.0063872323,0
2020-01-16,58.52000045776367,0.0066948296,0
2020-01-17,58.540000915527344,0.006269425,0
2020-01-21,58.34000015258789,0.0054374817,0
2020-01-22,56.7400016784668,0.0053425413,0
2020-01-23,55.59000015258789,0.0065137246,0
2020-01-24,54.189998626708984,0.008377601,0
2020-01-27,53.13999938964844,0.010708388,0
2020-01-28,53.47999954223633,0.012209495,0
2020-01-29,53.33000183105469,0.013307723,0
2020-01-30,52.13999938964844,0.014781205,0
2020-01-31,51.560001373291016,0.015609992,0
2020-02-03,50.11000061035156,0.01656125,1
2020-02-04,49.61000061035156,0.016946603,1
2020-02-05,50.75,0.016349632,1
2020-02-06,50.95000076293945,0.015621779,0
2020-02-07,50.31999969482422,0.015522401,0
2020-02-10,49.56999969482422,0.015863802,0
2020-02-11,49.939998626708984,0.015318878,0
2020-02-12,51.16999816894531,0.013899477,0
2020-02-13,51.41999816894531,0.012896432,0
2020-02-14,52.04999923706055,0.012059737,0
2020-02-18,52.04999923706055,0.011770054,0
2020-02-19,53.290000915527344,0.011216281,0
2020-02-20,53.779998779296875,0.010597618,0
2020-02-21,53.380001068115234,0.010265481,0
2020-02-24,51.43000030517578,0.01093774,0
2020-02-25,49.900001525878906,0.012517023,0
2020-02-26,48.72999954223633,0.0148408655,0
2020-02-27,47.09000015258789,0.018419858,1
2020-02-28,44.7599983215332,0.023927111,1
2020-03-02,46.75,0.02565904,1
2020-03-03,47.18000030517578,0.02612248,1
2020-03-04,46.779998779296875,0.025433991,1
2020-03-05,45.900001525878906,0.023970723,1
2020-03-06,41.279998779296875,0.026362216,1
2020-03-09,31.1299991607666,0.046618618,1
2020-03-10,34.36000061035156,0.054369368,1
2020-03-11,32.97999954223633,0.06022178,1
2020-03-12,31.5,0.065028176,1
2020-03-13,31.729999542236328,0.067657195,1
2020-03-16,28.700000762939453,0.06744121,1
2020-03-17,26.950000762939453,0.061477434,1
2020-03-18,20.3700008392334,0.05963868,1
2020-03-19,25.219999313354492,0.040919233,1
2020-03-20,22.43000030517578,0.03091323,1
2020-03-23,23.360000610351562,0.031889148,1
2020-03-24,24.010000228881836,0.02626034,1
2020-03-25,24.489999771118164,0.020703238,1
2020-03-26,22.600000381469727,0.017275015,1
2020-03-27,21.510000228881836,0.013228667,0
2020-03-30,20.09000015258789,0.012176579,0
2020-03-31,20.479999542236328,0.010702538,0
2020-04-01,20.309999465942383,0.01284124,0
2020-04-02,25.31999969482422,0.0101049645,0
2020-04-03,28.34000015258789,0.009507237,0
2020-04-06,26.079999923706055,0.008714722,0
2020-04-07,23.6299991607666,0.008469602,0
2020-04-08,25.09000015258789,0.007730648,0
2020-04-09,22.760000228881836,0.0083334455,0
2020-04-13,22.40999984741211,0.009341957,0
2020-04-14,20.110000610351562,0.012180733,0
2020-04-15,19.8700008392334,0.01522053,0
2020-04-16,19.8700008392334,0.01822909,1
2020-04-17,18.270000457763672,0.020662893,1
2020-04-20,-37.630001068115234,0.26965913,1
2020-04-21,10.010000228881836,0.2613977,1
2020-04-22,13.779999732971191,0.2468214,1
2020-04-23,16.5,0.22327693,1
2020-04-24,16.940000534057617,0.20686305,1
2020-04-27,12.779999732971191,0.19018807,1
2020-04-28,12.34000015258789,0.18527485,1
2020-04-29,15.0600004196167,0.17185055,1
2020-04-30,18.84000015258789,0.20397897,1
2020-05-01,19.780000686645508,0.12334472,1
2020-05-04,20.389999389648438,0.008231401,0
2020-05-05,24.559999465942383,0.0101369815,0
2020-05-06,23.989999771118164,0.011692034,0
2020-05-07,23.549999237060547,0.013312462,0
2020-05-08,24.739999771118164,0.012422061,0
2020-05-11,24.139999389648438,0.010012621,0
2020-05-12,25.780000686645508,0.0074048587,0
2020-05-13,25.290000915527344,0.0060426677,0
2020-05-14,27.559999465942383,0.005748675,0
2020-05-15,29.43000030517578,0.005584293,0
2020-05-18,31.81999969482422,0.0060988874,0
2020-05-19,32.5,0.0070353337,0
2020-05-20,33.4900016784668,0.008058635,0
2020-05-21,33.91999816894531,0.008299599,0
2020-05-22,33.25,0.007998491,0
2020-05-26,34.349998474121094,0.007071011,0
2020-05-27,32.810001373291016,0.0063231075,0
2020-05-28,33.709999084472656,0.0054728505,0
2020-05-29,35.4900016784668,0.0053952057,0
2020-06-01,35.439998626708984,0.0057880473,0
2020-06-02,36.810001373291016,0.0058386163,0
2020-06-03,37.290000915527344,0.005924466,0
2020-06-04,37.40999984741211,0.0059151636,0
2020-06-05,39.54999923706055,0.0057466575,0
2020-06-08,38.189998626708984,0.0061946535,0
2020-06-09,38.939998626708984,0.006042705,0
2020-06-10,39.599998474121094,0.006567533,0
2020-06-11,36.34000015258789,0.008965385,0
2020-06-12,36.2599983215332,0.010954682,0
2020-06-15,37.119998931884766,0.012787169,0
2020-06-16,38.380001068115234,0.013170751,0
2020-06-17,37.959999084472656,0.013373722,0
2020-06-18,38.84000015258789,0.013645385,0
2020-06-19,39.75,0.011500416,0
2020-06-22,40.459999084472656,0.010708612,0
2020-06-23,40.369998931884766,0.009886099,0
2020-06-24,38.0099983215332,0.008817989,0
2020-06-25,38.720001220703125,0.009859165,0
2020-06-26,38.4900016784668,0.011368575,0
2020-06-29,39.70000076293945,0.012199928,0
2020-06-30,39.27000045776367,0.012427421,0
2020-07-01,39.81999969482422,0.012921696,0
2020-07-02,40.650001525878906,0.012772679,0
2020-07-06,40.630001068115234,0.012223879,0
2020-07-07,40.619998931884766,0.011254296,0
2020-07-08,40.900001525878906,0.009773636,0
2020-07-09,39.619998931884766,0.011030851,0
2020-07-10,40.54999923706055,0.011378828,0
2020-07-13,40.099998474121094,0.012541028,0
2020-07-14,40.290000915527344,0.012747696,0
2020-07-15,41.20000076293945,0.01296173,0
2020-07-16,40.75,0.01333802,0
2020-07-17,40.59000015258789,0.0132335,0
2020-07-20,40.810001373291016,0.013010323,0
2020-07-21,41.959999084472656,0.012424831,0
2020-07-22,41.900001525878906,0.0115040075,0
2020-07-23,41.06999969482422,0.012301825,0
2020-07-24,41.290000915527344,0.012358146,0
2020-07-27,41.599998474121094,0.012698622,0
2020-07-28,41.040000915527344,0.01352309,0
2020-07-29,41.27000045776367,0.01346373,0
2020-07-30,39.91999816894531,0.014618282,0
2020-07-31,40.27000045776367,0.0155229615,0
2020-08-03,41.0099983215332,0.015883667,0
2020-08-04,41.70000076293945,0.014867464,0
2020-08-05,42.189998626708984,0.0135622,0
2020-08-06,41.95000076293945,0.013234583,0
2020-08-07,41.220001220703125,0.013311481,0
2020-08-10,41.939998626708984,0.012643389,0
2020-08-11,41.61000061035156,0.0127447,0
2020-08-12,42.66999816894531,0.011981173,0
2020-08-13,42.2400016784668,0.012590942,0
2020-08-14,42.0099983215332,0.013419961,0
2020-08-17,42.88999938964844,0.013574978,0
2020-08-18,42.88999938964844,0.013489692,0
2020-08-19,42.93000030517578,0.013119543,0
2020-08-20,42.58000183105469,0.0130838845,0
2020-08-21,42.34000015258789,0.013906913,0
2020-08-24,42.619998931884766,0.014090377,0
2020-08-25,43.349998474121094,0.014338823,0
2020-08-26,43.38999938964844,0.013913428,0
2020-08-27,43.040000915527344,0.01405783,0
2020-08-28,42.970001220703125,0.01461401,0
2020-08-31,42.61000061035156,0.0148244575,0
2020-09-01,42.7599983215332,0.014903876,0
2020-09-02,41.5099983215332,0.015698178,0
2020-09-03,41.369998931884766,0.016611125,1
2020-09-04,39.77000045776367,0.018856049,1
2020-09-08,36.7599983215332,0.023721848,1
2020-09-09,38.04999923706055,0.024993338,1
2020-09-10,37.29999923706055,0.025724705,1
2020-09-11,37.33000183105469,0.025477488,1
2020-09-14,37.2599983215332,0.024118703,1
2020-09-15,38.279998779296875,0.021478914,1
2020-09-16,40.15999984741211,0.016821794,1
2020-09-17,40.970001220703125,0.013494423,0
2020-09-18,41.11000061035156,0.010303839,0
2020-09-21,39.310001373291016,0.008706072,0
2020-09-22,39.599998474121094,0.009699012,0
2020-09-23,39.93000030517578,0.009791637,0
2020-09-24,40.310001373291016,0.010387914,0
2020-09-25,40.25,0.011174872,0
2020-09-28,40.599998474121094,0.012185721,0
2020-09-29,39.290000915527344,0.014017639,0
2020-09-30,40.220001220703125,0.014088988,0
2020-10-01,38.720001220703125,0.014441771,0
2020-10-02,37.04999923706055,0.015225038,0
2020-10-05,39.220001220703125,0.015524218,0
2020-10-06,40.66999816894531,0.014799753,0
2020-10-07,39.95000076293945,0.014374268,0
2020-10-08,41.189998626708984,0.013082394,0
2020-10-09,40.599998474121094,0.012411285,0
2020-10-12,39.43000030517578,0.011751885,0
2020-10-13,40.20000076293945,0.012005796,0
2020-10-14,41.040000915527344,0.010925012,0
2020-10-15,40.959999084472656,0.010771112,0
2020-10-16,40.880001068115234,0.012186416,0
2020-10-19,40.83000183105469,0.013015975,0
2020-10-20,41.459999084472656,0.012397785,0
2020-10-21,40.029998779296875,0.013498329,0
2020-10-22,40.63999938964844,0.013080992,0
2020-10-23,39.849998474121094,0.013352519,0
2020-10-26,38.560001373291016,0.015532781,0
2020-10-27,39.56999969482422,0.016305204,1
2020-10-28,37.38999938964844,0.017874096,1
2020-10-29,36.16999816894531,0.02000218,1
2020-10-30,35.790000915527344,0.021542702,1
2020-11-02,36.810001373291016,0.02130386,1
2020-11-03,37.65999984741211,0.018584391,1
2020-11-04,39.150001525878906,0.016455337,1
2020-11-05,38.790000915527344,0.013705516,0
2020-11-06,37.13999938964844,0.012192644,0
2020-11-09,40.290000915527344,0.010974631,0
2020-11-10,41.36000061035156,0.008490279,0
2020-11-11,41.45000076293945,0.007856579,0
2020-11-12,41.119998931884766,0.008059345,0
2020-11-13,40.130001068115234,0.00919499,0
2020-11-16,41.34000015258789,0.009940067,0
2020-11-17,41.43000030517578,0.0107850935,0
2020-11-18,41.81999969482422,0.010829458,0
2020-11-19,41.7400016784668,0.010947203,0
2020-11-20,42.150001525878906,0.012493482,0
2020-11-23,43.060001373291016,0.012556752,0
2020-11-24,44.90999984741211,0.01164324,0
2020-11-25,45.709999084472656,0.01087538,0
2020-11-27,45.529998779296875,0.0104967,0
2020-11-30,45.34000015258789,0.0111322515,0
2020-12-01,44.54999923706055,0.011812439,0
2020-12-02,45.279998779296875,0.012419838,0
2020-12-03,45.63999938964844,0.012920722,0
2020-12-04,46.2599983215332,0.013462569,0
2020-12-07,45.7599983215332,0.014356732,0
2020-12-08,45.599998474121094,0.015224369,0
2020-12-09,45.52000045776367,0.015547822,0
2020-12-10,46.779998779296875,0.014828613,0
2020-12-11,46.56999969482422,0.014437576,0
2020-12-14,46.9900016784668,0.014078212,0
2020-12-15,47.619998931884766,0.013991055,0
2020-12-16,47.81999969482422,0.013773846,0
2020-12-17,48.36000061035156,0.013409676,0
2020-12-18,49.099998474121094,0.012780277,0
2020-12-21,47.7400016784668,0.013084868,0
2020-12-22,47.02000045776367,0.013965133,0
2020-12-23,48.119998931884766,0.014249424,0
2020-12-24,48.22999954223633,0.014310551,0
2020-12-28,47.619998931884766,0.014849357,0
2020-12-29,48.0,0.0150875775,0
2020-12-30,48.400001525878906,0.014991766,0
2020-12-31,48.52000045776367,0.014813067,0
2021-01-04,47.619998931884766,0.014951661,0
2021-01-05,49.93000030517578,0.013676469,0
2021-01-06,50.630001068115234,0.0129740955,0
2021-01-07,50.83000183105469,0.012560395,0
2021-01-08,52.2400016784668,0.011864471,0
2021-01-11,52.25,0.011483386,0
2021-01-12,53.209999084472656,0.0111743575,0
2021-01-13,52.90999984741211,0.010966871,0
2021-01-14,53.56999969482422,0.0107172495,0
2021-01-15,52.36000061035156,0.010963143,0
2021-01-19,52.97999954223633,0.010478696,0
2021-01-20,53.2400016784668,0.010329088,0
2021-01-21,53.130001068115234,0.010340838,0
2021-01-22,52.27000045776367,0.0106884595,0
2021-01-25,52.77000045776367,0.01083142,0
2021-01-26,52.61000061035156,0.010967516,0
2021-01-27,52.849998474121094,0.010918415,0
2021-01-28,52.34000015258789,0.011087407,0
2021-01-29,52.20000076293945,0.011282312,0
2021-02-01,53.54999923706055,0.010888653,0
2021-02-02,54.7599983215332,0.010131943,0
2021-02-03,55.689998626708984,0.009341812,0
2021-02-04,56.22999954223633,0.008748916,0
2021-02-05,56.849998474121094,0.008199288,0
2021-02-08,57.970001220703125,0.0077604563,0
2021-02-09,58.36000061035156,0.0074195554,0
2021-02-10,58.68000030517578,0.0072226645,0
2021-02-11,58.2400016784668,0.006777084,0
2021-02-12,59.470001220703125,0.005789816,0
2021-02-16,60.04999923706055,0.004996444,0
2021-02-17,61.13999938964844,0.0043783425,0
2021-02-18,60.52000045776367,0.003958134,0
2021-02-19,59.2400016784668,0.0037953574,0
2021-02-22,61.4900016784668,0.0032368943,0
2021-02-23,61.66999816894531,0.0029011017,0
2021-02-24,63.220001220703125,0.002648812,0
2021-02-25,63.529998779296875,0.002541671,0
2021-02-26,61.5,0.00222092,0
2021-03-01,60.63999938964844,0.0023238186,0
2021-03-02,59.75,0.0027746316,0
2021-03-03,61.279998779296875,0.0028011722,0
2021-03-04,63.83000183105469,0.0026453312,0
2021-03-05,66.08999633789062,0.0024980349,0
2021-03-08,65.05000305175781,0.00254178,0
2021-03-09,64.01000213623047,0.0024191495,0
2021-03-10,64.44000244140625,0.002479766,0
2021-03-11,66.0199966430664,0.0029486364,0
2021-03-12,65.61000061035156,0.0030971747,0
2021-03-15,65.38999938964844,0.0027286187,0
2021-03-16,64.80000305175781,0.0013742737,0
2021-03-17,64.5999984741211,0.00046075607,0
2021-03-18,60.0,0.0020598073,0
2021-03-19,61.41999816894531,0.0027177734,0
2021-03-22,61.54999923706055,0.003255243,0
2021-03-23,57.7599983215332,0.0058661774,0
2021-03-24,61.18000030517578,0.0059073493,0
2021-03-25,58.560001373291016,0.006743741,0
2021-03-26,60.970001220703125,0.0060486896,0
2021-03-29,61.560001373291016,0.004933375,0
2021-03-30,60.54999923706055,0.0040348326,0
2021-03-31,59.15999984741211,0.003565247,0
2021-04-01,61.45000076293945,0.0032571491,0
2021-04-05,58.650001525878906,0.0037882992,0
2021-04-06,59.33000183105469,0.00403175,0
2021-04-07,59.77000045776367,0.0036245398,0
2021-04-08,59.599998474121094,0.0037451913,0
2021-04-09,59.31999969482422,0.0036712592,0
2021-04-12,59.70000076293945,0.0036049006,0
2021-04-13,60.18000030517578,0.0033098317,0
2021-04-14,63.150001525878906,0.0030721046,0
2021-04-15,63.459999084472656,0.0028176312,0
2021-04-16,63.130001068115234,0.0027891488,0
2021-04-19,63.380001068115234,0.0025940747,0
2021-04-20,62.439998626708984,0.0025174406,0
2021-04-21,61.349998474121094,0.0027027894,0
2021-04-22,61.43000030517578,0.002697576,0
2021-04-23,62.13999938964844,0.0022479568,0
2021-04-26,61.90999984741211,0.0018415261,0
2021-04-27,62.939998626708984,0.0012523076,0
2021-04-28,63.86000061035156,0.0011025721,0
2021-04-29,65.01000213623047,0.0010976864,0
2021-04-30,63.58000183105469,0.0010727174,0
2021-05-03,64.48999786376953,0.0011549876,0
2021-05-04,65.69000244140625,0.0014189426,0
2021-05-05,65.62999725341797,0.0013599586,0
2021-05-06,64.70999908447266,0.0010934502,0
2021-05-07,64.9000015258789,0.00094970566,0
2021-05-10,64.91999816894531,0.000555419,0
2021-05-11,65.27999877929688,0.00034240173,0
2021-05-12,66.08000183105469,0.00029353533,0
2021-05-13,63.81999969482422,0.00054346526,0
2021-05-14,65.37000274658203,0.00033694907,0
2021-05-17,66.2699966430664,0.00025800598,0
2021-05-18,65.48999786376953,0.00025940538,0
2021-05-19,63.36000061035156,0.0006023777,0
2021-05-20,62.04999923706055,0.001279494,0
2021-05-21,63.58000183105469,0.0013845095,0
2021-05-24,66.05000305175781,0.0013229481,0
2021-05-25,66.06999969482422,0.0012797235,0
2021-05-26,66.20999908447266,0.0013019949,0
2021-05-27,66.8499984741211,0.0012239703,0
2021-05-28,66.31999969482422,0.0012206881,0
2021-06-01,67.72000122070312,0.001601352,0
2021-06-02,68.83000183105469,0.0024977874,0
2021-06-03,68.80999755859375,0.002723617,0
2021-06-04,69.62000274658203,0.00193092,0
2021-06-07,69.2300033569336,0.001252264,0
2021-06-08,70.05000305175781,0.0015273211,0
2021-06-09,69.95999908447266,0.0015913916,0
2021-06-10,70.29000091552734,0.0015465143,0
2021-06-11,70.91000366210938,0.0016313822,0
2021-06-14,70.87999725341797,0.0011314634,0
2021-06-15,72.12000274658203,0.0012063684,0
2021-06-16,72.1500015258789,0.001353177,0
2021-06-17,71.04000091552734,0.0011306785,0
2021-06-18,71.63999938964844,0.0011444425,0
2021-06-21,73.66000366210938,0.0014170518,0
2021-06-22,73.05999755859375,0.0014490578,0
2021-06-23,73.08000183105469,0.0012065807,0
2021-06-24,73.30000305175781,0.0009497268,0
2021-06-25,74.05000305175781,0.0008936127,0
2021-06-28,72.91000366210938,0.00065793126,0
2021-06-29,72.9800033569336,0.000684809,0
2021-06-30,73.47000122070312,0.0006355119,0
2021-07-01,75.2300033569336,0.00051519944,0
2021-07-02,75.16000366210938,0.00046232637,0
2021-07-06,73.37000274658203,0.00045492308,0
2021-07-07,72.19999694824219,0.0005964462,0
2021-07-08,72.94000244140625,0.000649546,0
2021-07-09,74.55999755859375,0.00075976545,0
2021-07-12,74.0999984741211,0.00069971144,0
2021-07-13,75.25,0.00064584153,0
2021-07-14,73.12999725341797,0.00055573694,0
2021-07-15,71.6500015258789,0.0010126779,0
2021-07-16,71.80999755859375,0.0011884228,0
2021-07-19,66.41999816894531,0.00378678,0
2021-07-20,67.41999816894531,0.00518369,0
2021-07-21,70.30000305175781,0.0052865567,0
2021-07-22,71.91000366210938,0.0053613815,0
2021-07-23,72.06999969482422,0.0049427454,0
2021-07-26,71.91000366210938,0.0043786853,0
2021-07-27,71.6500015258789,0.0031619738,0
2021-07-28,72.38999938964844,0.0030402201,0
2021-07-29,73.62000274658203,0.0037378059,0
2021-07-30,73.94999694824219,0.0046377084,0
2021-08-02,71.26000213623047,0.002614438,0
2021-08-03,70.55999755859375,0.0010704335,0
2021-08-04,68.1500015258789,0.0017629489,0
2021-08-05,69.08999633789062,0.0022672163,0
2021-08-06,68.27999877929688,0.002930887,0
2021-08-09,66.4800033569336,0.0041405875,0
2021-08-10,68.29000091552734,0.0043076677,0
2021-08-11,69.25,0.0037669216,0
2021-08-12,69.08999633789062,0.002568199,0
2021-08-13,68.44000244140625,0.0010980994,0
2021-08-16,67.29000091552734,0.0007731179,0
2021-08-17,66.58999633789062,0.0007331991,0
2021-08-18,65.45999908447266,0.0011156927,0
2021-08-19,63.689998626708984,0.002091064,0
2021-08-20,62.31999969482422,0.0035973445,0
2021-08-23,65.63999938964844,0.0034220156,0
2021-08-24,67.54000091552734,0.003037919,0
2021-08-25,68.36000061035156,0.002558646,0
2021-08-26,67.41999816894531,0.0020114717,0
2021-08-27,68.73999786376953,0.002046983,0
2021-08-30,69.20999908447266,0.0025396668,0
2021-08-31,68.5,0.0029962293,0
2021-09-01,68.58999633789062,0.0034194798,0
2021-09-02,69.98999786376953,0.0032851193,0
2021-09-03,69.29000091552734,0.0012554524,0
2021-09-07,68.3499984741211,0.00065984734,0
2021-09-08,69.30000305175781,0.00061299116,0
2021-09-09,68.13999938964844,0.0006823015,0
2021-09-10,69.72000122070312,0.0005463386,0
2021-09-13,70.44999694824219,0.00067903503,0
2021-09-14,70.45999908447266,0.0008328472,0
2021-09-15,72.61000061035156,0.0014724532,0
2021-09-16,72.61000061035156,0.0018628543,0
2021-09-17,71.97000122070312,0.0021376594,0
2021-09-20,70.29000091552734,0.0020896115,0
2021-09-21,70.55999755859375,0.0018359186,0
2021-09-22,72.2300033569336,0.0019798744,0
2021-09-23,73.30000305175781,0.0016024101,0
2021-09-24,73.9800033569336,0.0016027637,0
2021-09-27,75.44999694824219,0.0019080583,0
2021-09-28,75.29000091552734,0.0018583287,0
2021-09-29,74.83000183105469,0.0020783371,0
2021-09-30,75.02999877929688,0.002360375,0
2021-10-01,75.87999725341797,0.002542132,0
2021-10-04,77.62000274658203,0.0022913502,0
2021-10-05,78.93000030517578,0.0020885724,0
2021-10-06,77.43000030517578,0.0016495672,0
2021-10-07,78.30000305175781,0.0016010677,0
2021-10-08,79.3499984741211,0.002040315,0
2021-10-11,80.5199966430664,0.002841262,0
2021-10-12,80.63999938964844,0.0031139285,0
2021-10-13,80.44000244140625,0.002669361,0
2021-10-14,81.30999755859375,0.0022128266,0
2021-10-15,82.27999877929688,0.0023743145,0
2021-10-18,82.44000244140625,0.0028209002,0
2021-10-19,82.95999908447266,0.0026999854,0
2021-10-20,83.87000274658203,0.0025702785,0
2021-10-21,82.5,0.0020656907,0
2021-10-22,83.76000213623047,0.0021672626,0
2021-10-25,83.76000213623047,0.0020098723,0
2021-10-26,84.6500015258789,0.0017155304,0
2021-10-27,82.66000366210938,0.0011857132,0
2021-10-28,82.80999755859375,0.0009912787,0
2021-10-29,83.56999969482422,0.0007884436,0
2021-11-01,84.05000305175781,0.00084374065,0
2021-11-02,83.91000366210938,0.0010948817,0
2021-11-03,80.86000061035156,0.00074229203,0
2021-11-04,78.80999755859375,0.0019199342,0
2021-11-05,81.2699966430664,0.0019149838,0
2021-11-08,81.93000030517578,0.0021757137,0
2021-11-09,84.1500015258789,0.0017009412,0
2021-11-10,81.33999633789062,0.0017069181,0
2021-11-11,81.58999633789062,0.002164726,0
2021-11-12,80.79000091552734,0.0027480875,0
2021-11-15,80.87999725341797,0.0029070056,0
2021-11-16,80.76000213623047,0.0016544735,0
2021-11-17,78.36000061035156,0.00089282065,0
2021-11-18,79.01000213623047,0.0009356387,0
2021-11-19,76.0999984741211,0.002260451,0
2021-11-22,76.75,0.003611847,0
2021-11-23,78.5,0.0022933257,0
2021-11-24,78.38999938964844,0.0024650297,0
2021-11-26,68.1500015258789,0.008391847,0
2021-11-29,69.94999694824219,0.011216621,0
2021-11-30,66.18000030517578,0.015987042,0
2021-12-01,65.56999969482422,0.018259682,1
2021-12-02,66.5,0.019352946,1
2021-12-03,66.26000213623047,0.018649202,1
2021-12-06,69.48999786376953,0.017144095,1
2021-12-07,72.05000305175781,0.014201172,0
2021-12-08,72.36000061035156,0.009282193,0
2021-12-09,70.94000244140625,0.003965603,0
2021-12-10,71.66999816894531,0.004460466,0
2021-12-13,71.29000091552734,0.0051095067,0
2021-12-14,70.7300033569336,0.004752748,0
2021-12-15,70.87000274658203,0.0036722727,0
2021-12-16,72.37999725341797,0.002873001,0
2021-12-17,70.86000061035156,0.0009818757,0
2021-12-20,68.2300033569336,0.0011120528,0
2021-12-21,71.12000274658203,0.0011799476,0
2021-12-22,72.76000213623047,0.0014373045,0
2021-12-23,73.79000091552734,0.0018993784,0
2021-12-27,75.56999969482422,0.0030315346,0
2021-12-28,75.9800033569336,0.00388233,0
2021-12-29,76.55999755859375,0.004412277,0
2021-12-30,76.98999786376953,0.0049925,0
2021-12-31,75.20999908447266,0.0051142247,0
2022-01-03,76.08000183105469,0.0045697577,0
2022-01-04,76.98999786376953,0.0021962787,0
2022-01-05,77.8499984741211,0.0013611069,0
2022-01-06,79.45999908447266,0.0013899921,0
2022-01-07,78.9000015258789,0.0013884231,0
2022-01-10,78.2300033569336,0.0014148217,0
2022-01-11,81.22000122070312,0.0024729639,0
2022-01-12,82.63999938964844,0.0040286523,0
2022-01-13,82.12000274658203,0.004392212,0
2022-01-14,83.81999969482422,0.004845294,0
2022-01-18,85.43000030517578,0.0058665927,0
2022-01-19,86.95999908447266,0.0074927984,0
2022-01-20,86.9000015258789,0.008412903,0
2022-01-21,85.13999938964844,0.007385296,0
2022-01-24,83.30999755859375,0.0049296035,0
2022-01-25,85.5999984741211,0.003230183,0
2022-01-26,87.3499984741211,0.0029404424,0
2022-01-27,86.61000061035156,0.0017792427,0
2022-01-28,86.81999969482422,0.0011851782,0
2022-01-31,88.1500015258789,0.0017730559,0
2022-02-01,88.19999694824219,0.0029549252,0
2022-02-02,88.26000213623047,0.0035930208,0
2022-02-03,90.2699966430664,0.003790259,0
2022-02-04,92.30999755859375,0.0041092066,0
2022-02-07,91.31999969482422,0.0038318117,0
2022-02-08,89.36000061035156,0.0037043453,0
2022-02-09,89.66000366210938,0.0030505897,0
2022-02-10,89.87999725341797,0.0022884938,0
2022-02-11,93.0999984741211,0.0026264116,0
2022-02-14,95.45999908447266,0.0037028338,0
2022-02-15,92.06999969482422,0.0027968967,0
2022-02-16,93.66000366210938,0.002987592,0
2022-02-17,91.76000213623047,0.0036831475,0
2022-02-18,91.06999969482422,0.0036575801,0
2022-02-22,92.3499984741211,0.0028767488,0
2022-02-23,92.0999984741211,0.0017528448,0
2022-02-24,92.80999755859375,0.00064177567,0
2022-02-25,91.58999633789062,0.0007100785,0
2022-02-28,95.72000122070312,0.0023259977,0
2022-03-01,103.41000366210938,0.009241121,0
2022-03-02,110.5999984741211,0.0282129,1
2022-03-03,107.66999816894531,0.03786715,1
2022-03-04,115.68000030517578,0.05926634,1
2022-03-07,119.4000015258789,0.081123844,1
2022-03-08,123.69999694824219,0.10713272,1
2022-03-09,108.69999694824219,0.09519801,1
2022-03-10,106.0199966430664,0.08051263,1
2022-03-11,109.33000183105469,0.058603924,1
2022-03-14,103.01000213623047,0.039805297,1
2022-03-15,96.44000244140625,0.038493983,1
2022-03-16,95.04000091552734,0.05018602,1
2022-03-17,102.9800033569336,0.046294205,1
2022-03-18,104.69999694824219,0.041538216,1
2022-03-21,112.12000274658203,0.033270065,1
2022-03-22,111.76000213623047,0.023429414,1
2022-03-23,114.93000030517578,0.03324821,1
2022-03-24,112.33999633789062,0.037051935,1
2022-03-25,113.9000015258789,0.045766827,1
2022-03-28,105.95999908447266,0.04632085,1
2022-03-29,104.23999786376953,0.03878575,1
2022-03-30,107.81999969482422,0.022347873,1
2022-03-31,100.27999877929688,0.021192323,1
2022-04-01,99.2699966430664,0.017956186,1
2022-04-04,103.27999877929688,0.017646238,1
2022-04-05,101.95999908447266,0.014939141,0
2022-04-06,96.2300033569336,0.014617358,0
2022-04-07,96.02999877929688,0.011757271,0
2022-04-08,98.26000213623047,0.0070853457,0
2022-04-11,94.29000091552734,0.008205047,0
2022-04-12,100.5999984741211,0.0070398124,0
2022-04-13,104.25,0.0064875195,0
2022-04-14,106.94999694824219,0.01122604,0
2022-04-18,108.20999908447266,0.016020652,0
2022-04-19,102.55999755859375,0.016758906,1
2022-04-20,102.75,0.018648941,1
2022-04-21,103.79000091552734,0.01803976,1
2022-04-22,102.06999969482422,0.0146044,0
2022-04-25,98.54000091552734,0.014558653,0
2022-04-26,101.69999694824219,0.007221788,0
2022-04-27,102.0199966430664,0.0050968067,0
2022-04-28,105.36000061035156,0.005053658,0
2022-04-29,104.69000244140625,0.004046148,0
2022-05-02,105.16999816894531,0.005222845,0
2022-05-03,102.41000366210938,0.005195927,0
2022-05-04,107.80999755859375,0.007782818,0
2022-05-05,108.26000213623047,0.010977199,0
2022-05-06,109.7699966430664,0.015720047,0
2022-05-09,103.08999633789062,0.011102913,0
2022-05-10,99.76000213623047,0.010678894,0
2022-05-11,105.70999908447266,0.009092523,0
2022-05-12,106.12999725341797,0.010066263,0
2022-05-13,110.48999786376953,0.012340764,0
2022-05-16,114.19999694824219,0.02011189,1
2022-05-17,112.4000015258789,0.018624842,1
2022-05-18,109.58999633789062,0.019676976,1
2022-05-19,112.20999908447266,0.021509819,1
2022-05-20,113.2300033569336,0.02805599,1
2022-05-23,110.29000091552734,0.027852904,1
2022-05-24,109.7699966430664,0.016543956,1
2022-05-25,110.33000183105469,0.014677657,0
2022-05-26,114.08999633789062,0.011930319,0
2022-05-27,115.06999969482422,0.010665393,0
2022-05-31,114.66999816894531,0.0123550985,0
2022-06-01,115.26000213623047,0.016202208,1
2022-06-02,116.87000274658203,0.016324893,1
2022-06-03,118.87000274658203,0.018962951,1
2022-06-06,118.5,0.023116548,1
2022-06-07,119.41000366210938,0.02412731,1
2022-06-08,122.11000061035156,0.025437664,1
2022-06-09,121.51000213623047,0.020882819,1
2022-06-10,120.66999816894531,0.019087022,1
2022-06-13,120.93000030517578,0.018814575,1
2022-06-14,118.93000030517578,0.016133785,0
2022-06-15,115.30999755859375,0.0128184855,0
2022-06-16,117.58999633789062,0.0106612835,0
2022-06-17,109.55999755859375,0.014237009,0
2022-06-21,110.6500015258789,0.016088987,0
2022-06-22,106.19000244140625,0.019158468,1
2022-06-23,104.2699966430664,0.023107868,1
2022-06-24,107.62000274658203,0.021692296,1
2022-06-27,109.56999969482422,0.017788734,1
2022-06-28,111.76000213623047,0.014316551,0
2022-06-29,109.77999877929688,0.012307129,0
2022-06-30,105.76000213623047,0.00787477,0
2022-07-01,108.43000030517578,0.0092261005,0
2022-07-05,99.5,0.010040402,0
2022-07-06,98.52999877929688,0.013602063,0
2022-07-07,102.7300033569336,0.014782344,0
2022-07-08,104.79000091552734,0.013091614,0
2022-07-11,104.08999633789062,0.0117246155,0
2022-07-12,95.83999633789062,0.011749868,0
2022-07-13,96.30000305175781,0.010379044,0
2022-07-14,95.77999877929688,0.010442605,0
2022-07-15,97.58999633789062,0.009146917,0
2022-07-18,102.5999984741211,0.0075804316,0
2022-07-19,104.22000122070312,0.009138523,0
2022-07-20,102.26000213623047,0.008355286,0
2022-07-21,96.3499984741211,0.008547375,0
2022-07-22,94.69999694824219,0.008778372,0
2022-07-25,96.69999694824219,0.008374452,0
2022-07-26,94.9800033569336,0.0077806204,0
2022-07-27,97.26000213623047,0.006712237,0
2022-07-28,96.41999816894531,0.005387794,0
2022-07-29,98.62000274658203,0.004881475,0
2022-08-01,93.88999938964844,0.004997161,0
2022-08-02,94.41999816894531,0.003379165,0
2022-08-03,90.66000366210938,0.0027707876,0
2022-08-04,88.54000091552734,0.004640681,0
2022-08-05,89.01000213623047,0.005996246,0
2022-08-08,90.76000213623047,0.005318021,0
2022-08-09,90.5,0.005878805,0
2022-08-10,91.93000030517578,0.0051034386,0
2022-08-11,94.33999633789062,0.0061728107,0
2022-08-12,92.08999633789062,0.0034662436,0
2022-08-15,89.41000366210938,0.0044279615,0
2022-08-16,86.52999877929688,0.0040238327,0
2022-08-17,88.11000061035156,0.0031968518,0
2022-08-18,90.5,0.0024880527,0
2022-08-19,90.7699966430664,0.002376109,0
2022-08-22,90.2300033569336,0.0019449458,0
2022-08-23,93.73999786376953,0.003417268,0
2022-08-24,94.88999938964844,0.0063444474,0
2022-08-25,92.5199966430664,0.0062565925,0
2022-08-26,93.05999755859375,0.006031196,0
2022-08-29,97.01000213623047,0.0068629445,0
2022-08-30,91.63999938964844,0.004655569,0
2022-08-31,89.55000305175781,0.0039676293,0
2022-09-01,86.61000061035156,0.0050118277,0
2022-09-02,86.87000274658203,0.0053360313,0
2022-09-06,86.87999725341797,0.0068291603,0
2022-09-07,81.94000244140625,0.011244797,0
2022-09-08,83.54000091552734,0.01058587,0
2022-09-09,86.79000091552734,0.010369271,0
2022-09-12,87.77999877929688,0.011862915,0
2022-09-13,87.30999755859375,0.0056787143,0
2022-09-14,88.4800033569336,0.0047385106,0
2022-09-15,85.0999984741211,0.0037649174,0
2022-09-16,85.11000061035156,0.004448467,0
2022-09-19,85.7300033569336,0.0045237755,0
2022-09-20,84.44999694824219,0.0019215113,0
2022-09-21,82.94000244140625,0.00097526255,0
2022-09-22,83.48999786376953,0.0016667871,0
2022-09-23,78.73999786376953,0.0044861995,0
2022-09-26,76.70999908447266,0.0071193324,0
2022-09-27,78.5,0.00785071,0
2022-09-28,82.1500015258789,0.0049444595,0
2022-09-29,81.2300033569336,0.004909768,0
2022-09-30,79.48999786376953,0.005199102,0
2022-10-03,83.62999725341797,0.005043826,0
2022-10-04,86.5199966430664,0.0070472164,0
2022-10-05,87.76000213623047,0.010942431,0
2022-10-06,88.44999694824219,0.012879968,0
2022-10-07,92.63999938964844,0.017022317,1
2022-10-10,91.12999725341797,0.016153572,0
2022-10-11,89.3499984741211,0.0145599935,0
2022-10-12,87.2699966430664,0.012113566,0
2022-10-13,89.11000061035156,0.007988069,0
2022-10-14,85.61000061035156,0.0037701,0
2022-10-17,85.45999908447266,0.0027467206,0
2022-10-18,82.81999969482422,0.0037575788,0
2022-10-19,85.55000305175781,0.0036705765,0
2022-10-20,85.9800033569336,0.0056344164,0
2022-10-21,85.05000305175781,0.00422887,0
2022-10-24,84.58000183105469,0.0029814397,0
2022-10-25,85.31999969482422,0.002103479,0
2022-10-26,87.91000366210938,0.0038270403,0
2022-10-27,89.08000183105469,0.0032994435,0
2022-10-28,87.9000015258789,0.0036754396,0
2022-10-31,86.52999877929688,0.0024741446,0
2022-11-01,88.37000274658203,0.002892681,0
2022-11-02,90.0,0.0037500784,0
2022-11-03,88.16999816894531,0.0030915898,0
2022-11-04,92.61000061035156,0.0036315196,0
2022-11-07,91.79000091552734,0.0032551116,0
2022-11-08,88.91000366210938,0.0031539109,0
2022-11-09,85.83000183105469,0.0041598277,0
2022-11-10,86.47000122070312,0.003805705,0
2022-11-11,88.95999908447266,0.0026176453,0
2022-11-14,85.87000274658203,0.002756167,0
2022-11-15,86.91999816894531,0.0029748722,0
2022-11-16,85.58999633789062,0.0024019678,0
2022-11-17,81.63999938964844,0.0068391175,0
2022-11-18,80.08000183105469,0.008086123,0
2022-11-21,79.7300033569336,0.0068432093,0
2022-11-22,80.94999694824219,0.0048574894,0
2022-11-23,77.94000244140625,0.006490023,0
2022-11-25,76.27999877929688,0.0092685195,0
2022-11-28,77.23999786376953,0.0070702336,0
2022-11-29,78.19999694824219,0.0071848733,0
2022-11-30,80.55000305175781,0.005158835,0
2022-12-01,81.22000122070312,0.0029465992,0
2022-12-02,79.9800033569336,0.0024581752,0
2022-12-05,76.93000030517578,0.0025365702,0
2022-12-06,74.25,0.003956805,0
2022-12-07,72.01000213623047,0.0051992745,0
2022-12-08,71.45999908447266,0.007013865,0
2022-12-09,71.0199966430664,0.008957869,0
2022-12-12,73.16999816894531,0.009313172,0
2022-12-13,75.38999938964844,0.008986143,0
2022-12-14,77.27999877929688,0.0074733505,0
2022-12-15,76.11000061035156,0.004919924,0
2022-12-16,74.29000091552734,0.0029151838,0
2022-12-19,75.19000244140625,0.002601976,0
2022-12-20,76.08999633789062,0.0029188634,0
2022-12-21,78.29000091552734,0.0033413959,0
2022-12-22,77.48999786376953,0.00258582,0
2022-12-23,79.55999755859375,0.0019730355,0
2022-12-27,79.52999877929688,0.0020860191,0
2022-12-28,78.95999908447266,0.002586349,0
2022-12-29,78.4000015258789,0.0026869099,0
2022-12-30,80.26000213623047,0.0028120659,0
2023-01-03,76.93000030517578,0.0018851461,0
2023-01-04,72.83999633789062,0.0028531507,0
2023-01-05,73.66999816894531,0.0039409893,0
2023-01-06,73.7699966430664,0.004602303,0
2023-01-09,74.62999725341797,0.005186664,0
2023-01-10,75.12000274658203,0.0047051664,0
2023-01-11,77.41000366210938,0.0038621936,0
2023-01-12,78.38999938964844,0.0035444684,0
2023-01-13,79.86000061035156,0.0045475676,0
2023-01-17,80.18000030517578,0.0044884696,0
2023-01-18,79.4800033569336,0.0048911525,0
2023-01-19,80.33000183105469,0.0048834463,0
2023-01-20,81.30999755859375,0.0048032897,0
2023-01-23,81.62000274658203,0.004087988,0
2023-01-24,80.12999725341797,0.0025405088,0
2023-01-25,80.1500015258789,0.0012769366,0
2023-01-26,81.01000213623047,0.00085537275,0
2023-01-27,79.68000030517578,0.00078161445,0
2023-01-30,77.9000015258789,0.000945784,0
2023-01-31,78.87000274658203,0.0006751859,0
2023-02-01,76.41000366210938,0.001338998,0
2023-02-02,75.87999725341797,0.0023253614,0
2023-02-03,73.38999938964844,0.0041173613,0
2023-02-06,74.11000061035156,0.0044496064,0
2023-02-07,77.13999938964844,0.0042514033,0
2023-02-08,78.47000122070312,0.004046107,0
2023-02-09,78.05999755859375,0.0028525346,0
2023-02-10,79.72000122070312,0.0027263712,0
2023-02-13,80.13999938964844,0.003698831,0
2023-02-14,79.05999755859375,0.0036748066,0
2023-02-15,78.58999633789062,0.003899308,0
2023-02-16,78.48999786376953,0.003339131,0
2023-02-17,76.33999633789062,0.0018940583,0
2023-02-21,76.16000366210938,0.0012517531,0
2023-02-22,73.94999694824219,0.0023281197,0
2023-02-23,75.38999938964844,0.002635514,0
2023-02-24,76.31999969482422,0.00296197,0
2023-02-27,75.68000030517578,0.0027026194,0
2023-02-28,77.05000305175781,0.0017733045,0
2023-03-01,77.69000244140625,0.0014111259,0
2023-03-02,78.16000366210938,0.0014356034,0
2023-03-03,79.68000030517578,0.0017652139,0
2023-03-06,80.45999908447266,0.0028291843,0
2023-03-07,77.58000183105469,0.002509372,0
2023-03-08,76.66000366210938,0.00195047,0
2023-03-09,75.72000122070312,0.0019646524,0
2023-03-10,76.68000030517578,0.0017788678,0
2023-03-13,74.80000305175781,0.0020748246,0
2023-03-14,71.33000183105469,0.0041561886,0
2023-03-15,67.61000061035156,0.009014038,0
2023-03-16,68.3499984741211,0.011798819,0
2023-03-17,66.73999786376953,0.013364585,0
2023-03-20,67.63999938964844,0.011439417,0
2023-03-21,69.33000183105469,0.010139408,0
2023-03-22,70.9000015258789,0.008382725,0
2023-03-23,69.95999908447266,0.0063409107,0
2023-03-24,69.26000213623047,0.00316674,0
2023-03-27,72.80999755859375,0.0023024564,0
2023-03-28,73.19999694824219,0.0033093095,0
2023-03-29,72.97000122070312,0.0037628473,0
2023-03-30,74.37000274658203,0.0047360654,0
2023-03-31,75.66999816894531,0.004823856,0
2023-04-03,80.41999816894531,0.007375926,0
2023-04-04,80.70999908447266,0.0094407,0
2023-04-05,80.61000061035156,0.010821297,0
2023-04-06,80.69999694824219,0.010490013,0
2023-04-10,79.73999786376953,0.008154658,0
2023-04-11,81.52999877929688,0.007978765,0
2023-04-12,83.26000213623047,0.007502567,0
2023-04-13,82.16000366210938,0.004883609,0
2023-04-14,82.5199966430664,0.0024968698,0
2023-04-17,80.83000183105469,0.0015108304,0
2023-04-18,80.86000061035156,0.0014816964,0
2023-04-19,79.16000366210938,0.0014249615,0
2023-04-20,77.29000091552734,0.0017484266,0
2023-04-21,77.87000274658203,0.0014777376,0
2023-04-24,78.76000213623047,0.001898471,0
2023-04-25,77.06999969482422,0.0029326726,0
2023-04-26,74.30000305175781,0.0038097189,0
2023-04-27,74.76000213623047,0.004532504,0
2023-04-28,76.77999877929688,0.0035374095,0
2023-05-01,75.66000366210938,0.0031131406,0
2023-05-02,71.66000366210938,0.0034484386,0
2023-05-03,68.5999984741211,0.005931956,0
2023-05-04,68.55999755859375,0.008139042,0
2023-05-05,71.33999633789062,0.007577224,0
2023-05-08,73.16000366210938,0.0056738188,0
2023-05-09,73.70999908447266,0.004551201,0
2023-05-10,72.55999755859375,0.0042558154,0
2023-05-11,70.87000274658203,0.004073899,0
2023-05-12,70.04000091552734,0.0031049582,0
2023-05-15,71.11000061035156,0.0023654555,0
2023-05-16,70.86000061035156,0.002569549,0
2023-05-17,72.83000183105469,0.0021237722,0
2023-05-18,71.86000061035156,0.0011083221,0
2023-05-19,71.55000305175781,0.00091301824,0
2023-05-22,71.98999786376953,0.00087443285,0
2023-05-23,72.91000366210938,0.000929599,0
2023-05-24,74.33999633789062,0.0014827941,0
2023-05-25,71.83000183105469,0.0012640706,0
2023-05-26,72.66999816894531,0.0008715357,0
2023-05-30,69.45999908447266,0.0011996309,0
2023-05-31,68.08999633789062,0.0020841935,0
2023-06-01,70.0999984741211,0.0023272135,0
2023-06-02,71.73999786376953,0.00245358,0
2023-06-05,72.1500015258789,0.0024538555,0
2023-06-06,71.73999786376953,0.002299788,0
2023-06-07,72.52999877929688,0.0022194665,0
2023-06-08,71.29000091552734,0.0016729485,0
2023-06-09,70.16999816894531,0.0016988451,0
2023-06-12,67.12000274658203,0.0025079579,0
2023-06-13,69.41999816894531,0.0026476567,0
2023-06-14,68.2699966430664,0.0024590516,0
2023-06-15,70.62000274658203,0.0024296655,0
2023-06-16,71.77999877929688,0.0024387403,0
2023-06-20,70.5,0.0020994737,0
2023-06-21,72.52999877929688,0.002217288,0
2023-06-22,69.51000213623047,0.0018577243,0
2023-06-23,69.16000366210938,0.0019152637,0
2023-06-26,69.37000274658203,0.0021715013,0
2023-06-27,67.69999694824219,0.0019076079,0
2023-06-28,69.55999755859375,0.0019921516,0
2023-06-29,69.86000061035156,0.00165316,0
2023-06-30,70.63999938964844,0.0015486474,0
2023-07-03,69.79000091552734,0.0012395784,0
2023-07-05,71.79000091552734,0.001384225,0
2023-07-06,71.80000305175781,0.001352365,0
2023-07-07,73.86000061035156,0.0023963735,0
2023-07-10,72.98999786376953,0.0027234075,0
2023-07-11,74.83000183105469,0.0036829826,0
2023-07-12,75.75,0.0034707054,0
2023-07-13,76.88999938964844,0.003894601,0
2023-07-14,75.41999816894531,0.0033883944,0
2023-07-17,74.1500015258789,0.0027567958,0
2023-07-18,75.75,0.0018012114,0
2023-07-19,75.3499984741211,0.0013246674,0
2023-07-20,75.62999725341797,0.00085286563,0
2023-07-21,77.06999969482422,0.00071641244,0
2023-07-24,78.73999786376953,0.0008821146,0
2023-07-25,79.62999725341797,0.0016710272,0
2023-07-26,78.77999877929688,0.002269573,0
2023-07-27,80.08999633789062,0.002990479,0
2023-07-28,80.58000183105469,0.0034293488,0
2023-07-31,81.80000305175781,0.0038369473,0
2023-08-01,81.37000274658203,0.0036928698,0
2023-08-02,79.48999786376953,0.0024821782,0
2023-08-03,81.55000305175781,0.0017210233,0
2023-08-04,82.81999969482422,0.0018660113,0
2023-08-07,81.94000244140625,0.0018579904,0
2023-08-08,82.91999816894531,0.001621676,0
2023-08-09,84.4000015258789,0.0020816412,0
2023-08-10,82.81999969482422,0.0020710803,0
2023-08-11,83.19000244140625,0.002493814,0
2023-08-14,82.51000213623047,0.0022553853,0
2023-08-15,80.98999786376953,0.0011639602,0
2023-08-16,79.37999725341797,0.0011273583,0
2023-08-17,80.38999938964844,0.0012603635,0
2023-08-18,81.25,0.00072222255,0
2023-08-21,80.72000122070312,0.0009915037,0
2023-08-22,80.3499984741211,0.0016458394,0
2023-08-23,78.88999938964844,0.0012196496,0
2023-08-24,79.05000305175781,0.0015993004,0
2023-08-25,79.83000183105469,0.0014111928,0
2023-08-28,80.0999984741211,0.0009585779,0
2023-08-29,81.16000366210938,0.00063754123,0
2023-08-30,81.62999725341797,0.0009659972,0
2023-08-31,83.62999725341797,0.002172669,0
2023-09-01,85.55000305175781,0.004114473,0
2023-09-05,86.69000244140625,0.0065246313,0
2023-09-06,87.54000091552734,0.008295158,0
2023-09-07,86.87000274658203,0.008256443,0
2023-09-08,87.51000213623047,0.007776116,0
2023-09-11,87.29000091552734,0.006461284,0
2023-09-12,88.83999633789062,0.0051724478,0
2023-09-13,88.5199966430664,0.0033204635,0
2023-09-14,90.16000366210938,0.002355139,0
2023-09-15,90.7699966430664,0.0023430134,0
2023-09-18,91.4800033569336,0.002904409,0
2023-09-19,91.19999694824219,0.0033150706,0
2023-09-20,90.27999877929688,0.0028466356,0
2023-09-21,89.62999725341797,0.0022898992,0
2023-09-22,90.02999877929688,0.0014767506,0
2023-09-25,89.68000030517578,0.0010251851,0
2023-09-26,90.38999938964844,0.00034406997,0
2023-09-27,93.68000030517578,0.0010798568,0
2023-09-28,91.70999908447266,0.0013349245,0
2023-09-29,90.79000091552734,0.001791579,0
2023-10-02,88.81999969482422,0.0021547351,0
2023-10-03,89.2300033569336,0.001993764,0
2023-10-04,84.22000122070312,0.0036963604,0
2023-10-05,82.30999755859375,0.0064323843,0
2023-10-06,82.79000091552734,0.0074779713,0
2023-10-09,86.37999725341797,0.0071672695,0
2023-10-10,85.97000122070312,0.008600903,0
2023-10-11,83.48999786376953,0.0068388195,0
2023-10-12,82.91000366210938,0.0061780578,0
2023-10-13,87.69000244140625,0.0053849947,0
2023-10-16,86.66000366210938,0.0060874093,0
2023-10-17,86.66000366210938,0.0037933867,0
2023-10-18,88.31999969482422,0.0034551006,0
2023-10-19,89.37000274658203,0.0036089874,0
2023-10-20,88.75,0.0047839163,0
2023-10-23,85.48999786376953,0.0047805626,0
2023-10-24,83.73999786376953,0.0036098354,0
2023-10-25,85.38999938964844,0.0019398343,0
2023-10-26,83.20999908447266,0.0028704938,0
2023-10-27,85.54000091552734,0.001975868,0
2023-10-30,82.30999755859375,0.002395584,0
2023-10-31,81.0199966430664,0.0042741345,0
2023-11-01,80.44000244140625,0.0056534368,0
2023-11-02,82.45999908447266,0.00448718,0
2023-11-03,80.51000213623047,0.002311988,0
2023-11-06,80.81999969482422,0.0015480337,0
2023-11-07,77.37000274658203,0.0032924488,0
2023-11-08,75.33000183105469,0.0040943413,0
2023-11-09,75.73999786376953,0.0060399426,0
2023-11-10,77.16999816894531,0.0041328454,0
2023-11-13,78.26000213623047,0.0037951295,0
2023-11-14,78.26000213623047,0.003701555,0
2023-11-15,76.66000366210938,0.004105978,0
2023-11-16,72.9000015258789,0.003793336,0
2023-11-17,75.88999938964844,0.0033730261,0
2023-11-20,77.5999984741211,0.0020530992,0
2023-11-21,77.7699966430664,0.001810457,0
2023-11-22,77.0999984741211,0.0015822062,0
2023-11-24,75.54000091552734,0.0016338497,0
2023-11-27,74.86000061035156,0.001995619,0
2023-11-28,76.41000366210938,0.0019912052,0
2023-11-29,77.86000061035156,0.0018560376,0
2023-11-30,75.95999908447266,0.0012959604,0
2023-12-01,74.06999969482422,0.0010002477,0
2023-12-04,73.04000091552734,0.0018183697,0
2023-12-05,72.31999969482422,0.0025307094,0
2023-12-06,69.37999725341797,0.004297936,0
2023-12-07,69.33999633789062,0.0051771724,0
2023-12-08,71.2300033569336,0.004971494,0
2023-12-11,71.31999969482422,0.0049212957,0
2023-12-12,68.61000061035156,0.0050677643,0
2023-12-13,69.47000122070312,0.0033253357,0
2023-12-14,71.58000183105469,0.0021914823,0
2023-12-15,71.43000030517578,0.0016487468,0
2023-12-18,72.47000122070312,0.0016361702,0
2023-12-19,73.44000244140625,0.0021471456,0
2023-12-20,74.22000122070312,0.0026073116,0
2023-12-21,73.88999938964844,0.0025199214,0
2023-12-22,73.55999755859375,0.0026048832,0
2023-12-26,75.56999969482422,0.0032220134,0
2023-12-27,74.11000061035156,0.0019801953,0
2023-12-28,71.7699966430664,0.0012364654,0
2023-12-29,71.6500015258789,0.0012266168,0
2024-01-02,70.37999725341797,0.0015354715,0
2024-01-03,72.69999694824219,0.0014382129,0
2024-01-04,72.19000244140625,0.0014243964,0
2024-01-05,73.80999755859375,0.0012796692,0
2024-01-08,70.7699966430664,0.0013764873,0
2024-01-09,72.23999786376953,0.0013948538,0
2024-01-10,71.37000274658203,0.0009666779,0
2024-01-11,72.0199966430664,0.00087755825,0
2024-01-12,72.68000030517578,0.00094738574,0
2024-01-16,72.4000015258789,0.00087133783,0
2024-01-17,72.55999755859375,0.00050641136,0
2024-01-18,74.08000183105469,0.0006884156,0
2024-01-19,73.41000366210938,0.00077618816,0
2024-01-22,75.19000244140625,0.0011634903,0
2024-01-23,74.37000274658203,0.0009541454,0
2024-01-24,75.08999633789062,0.001079167,0
2024-01-25,77.36000061035156,0.0016075748,0
2024-01-26,78.01000213623047,0.0022010528,0
2024-01-29,76.77999877929688,0.0021259082,0
2024-01-30,77.81999969482422,0.0020491497,0
2024-01-31,75.8499984741211,0.0016505236,0
2024-02-01,73.81999969482422,0.0017571107,0
2024-02-02,72.27999877929688,0.002471018,0
2024-02-05,72.77999877929688,0.0028226776,0
2024-02-06,73.30999755859375,0.0028600933,0
2024-02-07,73.86000061035156,0.0029843203,0
2024-02-08,76.22000122070312,0.002646593,0
2024-02-09,76.83999633789062,0.0020814303,0
2024-02-12,76.91999816894531,0.0022530188,0
2024-02-13,77.87000274658203,0.002291141,0
2024-02-14,76.63999938964844,0.0024461083,0
2024-02-15,78.02999877929688,0.0028091925,0
2024-02-16,79.19000244140625,0.0028308735,0
2024-02-20,78.18000030517578,0.0022323688,0
2024-02-21,77.91000366210938,0.0014241391,0
2024-02-22,78.61000061035156,0.0009726024,0
2024-02-23,76.48999786376953,0.00093392434,0
2024-02-26,77.58000183105469,0.00090117846,0
2024-02-27,78.87000274658203,0.0011098919,0
2024-02-28,78.54000091552734,0.0008511076,0
2024-02-29,78.26000213623047,0.0008578665,0
2024-03-01,79.97000122070312,0.0013315923,0
2024-03-04,78.73999786376953,0.001121063,0
2024-03-05,78.1500015258789,0.0010925832,0
2024-03-06,79.12999725341797,0.0013210902,0
2024-03-07,78.93000030517578,0.000885716,0
2024-03-08,78.01000213623047,0.00062368234,0
2024-03-11,77.93000030517578,0.0007422576,0
2024-03-12,77.55999755859375,0.0006978514,0
2024-03-13,79.72000122070312,0.00083394593,0
2024-03-14,81.26000213623047,0.0017028947,0
2024-03-15,81.04000091552734,0.0017327778,0
2024-03-18,82.72000122070312,0.002491196,0
2024-03-19,83.47000122070312,0.0037626587,0
2024-03-20,81.68000030517578,0.0040366473,0
2024-03-21,81.06999969482422,0.0037436564,0
2024-03-22,80.62999725341797,0.0028857775,0
2024-03-25,81.94999694824219,0.0016628358,0
2024-03-26,81.62000274658203,0.00074293354,0
2024-03-27,81.3499984741211,0.0005578962,0
2024-03-28,83.16999816894531,0.00054862874,0
2024-04-01,83.70999908447266,0.0014410015,0
2024-04-02,85.1500015258789,0.0028479225,0
2024-04-03,85.43000030517578,0.0033086664,0
2024-04-04,86.58999633789062,0.004162144,0
2024-04-05,86.91000366210938,0.0045111068,0
2024-04-08,86.43000030517578,0.0045196237,0
2024-04-09,85.2300033569336,0.0036981709,0
2024-04-10,86.20999908447266,0.00244385,0
2024-04-11,85.0199966430664,0.0014339963,0
2024-04-12,85.66000366210938,0.00071358436,0
2024-04-15,85.41000366210938,0.0005443118,0
2024-04-16,85.36000061035156,0.00039079966,0
2024-04-17,82.69000244140625,0.0012972669,0
2024-04-18,82.7300033569336,0.0018307099,0
2024-04-19,83.13999938964844,0.0016215804,0
2024-04-22,82.8499984741211,0.001066964,0
2024-04-23,83.36000061035156,0.0014012726,0
2024-04-24,82.80999755859375,0.0008596882,0
2024-04-25,83.56999969482422,0.0012917256,0
2024-04-26,83.8499984741211,0.0015235802,0
2024-04-29,82.62999725341797,0.0017473355,0
2024-04-30,81.93000030517578,0.0007263015,0
2024-05-01,79.0,0.0012894383,0
2024-05-02,78.94999694824219,0.0017590036,0
2024-05-03,78.11000061035156,0.002108265,0
2024-05-06,78.4800033569336,0.0025114627,0
2024-05-07,78.37999725341797,0.0025668037,0
2024-05-08,78.98999786376953,0.0030236642,0
2024-05-09,79.26000213623047,0.0030196384,0
2024-05-10,78.26000213623047,0.002206989,0
2024-05-13,79.12000274658203,0.0017088105,0
2024-05-14,78.0199966430664,0.0007160466,0
2024-05-15,78.62999725341797,0.00075071014,0
2024-05-16,79.2300033569336,0.0006443673,0
2024-05-17,80.05999755859375,0.0008092761,0
2024-05-20,79.80000305175781,0.00079409993,0
2024-05-21,79.26000213623047,0.0008565636,0
2024-05-22,77.56999969482422,0.00096419966,0
2024-05-23,76.87000274658203,0.00094182824,0
2024-05-24,77.72000122070312,0.0011374054,0
2024-05-28,79.83000183105469,0.0010918586,0
2024-05-29,79.2300033569336,0.0011376821,0
2024-05-30,77.91000366210938,0.0012152686,0
2024-05-31,76.98999786376953,0.0015210649,0
2024-06-03,74.22000122070312,0.0023038487,0
2024-06-04,73.25,0.003256667,0
2024-06-05,74.06999969482422,0.0033568149,0
2024-06-06,75.55000305175781,0.003154264,0
2024-06-07,75.52999877929688,0.0030601253,0
2024-06-10,77.73999786376953,0.0031788577,0
2024-06-11,77.9000015258789,0.0024665948,0
2024-06-12,78.5,0.0022244607,0
2024-06-13,78.62000274658203,0.0025871831,0
2024-06-14,78.44999694824219,0.0027982881,0
2024-06-17,80.33000183105469,0.0032970824,0
2024-06-18,81.56999969482422,0.0034576743,0
2024-06-20,82.16999816894531,0.0035513327,0
2024-06-21,80.7300033569336,0.0028605158,0
2024-06-24,81.62999725341797,0.002578788,0
2024-06-25,80.83000183105469,0.0022637937,0
2024-06-26,80.9000015258789,0.0019174006,0
2024-06-27,81.73999786376953,0.0014779464,0
2024-06-28,81.54000091552734,0.0006731479,0
2024-07-01,83.37999725341797,0.0007987098,0
2024-07-02,82.80999755859375,0.0012259409,0
2024-07-03,83.87999725341797,0.0019836253,0
2024-07-05,83.16000366210938,0.0018021157,0
2024-07-08,82.33000183105469,0.0019050905,0
2024-07-09,81.41000366210938,0.0014339439,0
2024-07-10,82.0999984741211,0.00093689346,0
2024-07-11,82.62000274658203,0.0006703703,0
2024-07-12,82.20999908447266,0.00024299118,0
2024-07-15,81.91000366210938,0.000599085,0
2024-07-16,80.76000213623047,0.0005319788,0
2024-07-17,82.8499984741211,0.0011618582,0
2024-07-18,82.81999969482422,0.0011535615,0
2024-07-19,80.12999725341797,0.000997591,0
2024-07-22,79.77999877929688,0.0007265647,0
2024-07-23,76.95999908447266,0.0018191412,0
2024-07-24,77.58999633789062,0.0025033387,0
2024-07-25,78.27999877929688,0.0025644049,0
2024-07-26,77.16000366210938,0.0028128815,0
2024-07-29,75.80999755859375,0.003200485,0
2024-07-30,74.7300033569336,0.004774923,0
2024-07-31,77.91000366210938,0.0040902644,0
2024-08-01,76.30999755859375,0.0023428097,0
2024-08-02,73.5199966430664,0.0024674595,0
2024-08-05,72.94000244140625,0.0021775768,0
2024-08-06,73.19999694824219,0.0026513664,0
2024-08-07,75.2300033569336,0.0024799132,0
2024-08-08,76.19000244140625,0.0018462613,0
2024-08-09,76.83999633789062,0.0015260235,0
2024-08-12,80.05999755859375,0.002642766,0
2024-08-13,78.3499984741211,0.0034131936,0
2024-08-14,76.9800033569336,0.003361363,0
2024-08-15,78.16000366210938,0.0036291168,0
2024-08-16,76.6500015258789,0.0031750258,0
2024-08-19,74.37000274658203,0.0025931806,0
2024-08-20,74.04000091552734,0.0023424057,0
2024-08-21,71.93000030517578,0.003531314,0
2024-08-22,73.01000213623047,0.0040992964,0
2024-08-23,74.83000183105469,0.0043571675,0
2024-08-26,77.41999816894531,0.0030254044,0
2024-08-27,75.52999877929688,0.0022458287,0
2024-08-28,74.5199966430664,0.0022017895,0
2024-08-29,75.91000366210938,0.0016212715,0
2024-08-30,73.55000305175781,0.0015380321,0
2024-09-03,70.33999633789062,0.002845337,0
2024-09-04,69.19999694824219,0.004225962,0
2024-09-05,69.1500015258789,0.0051050014,0
2024-09-06,67.66999816894531,0.0067962497,0
2024-09-09,68.70999908447266,0.007341513,0
2024-09-10,65.75,0.0075833113,0
2024-09-11,67.30999755859375,0.006936389,0
2024-09-12,68.97000122070312,0.005371374,0
2024-09-13,68.6500015258789,0.0024551586,0
2024-09-16,70.08999633789062,0.0011851465,0
2024-09-17,71.19000244140625,0.0014625164,0
2024-09-18,70.91000366210938,0.001769142,0
2024-09-19,71.94999694824219,0.0025227119,0
2024-09-20,71.91999816894531,0.0029348764,0
2024-09-23,70.37000274658203,0.0031554536,0
2024-09-24,71.55999755859375,0.0021149109,0
2024-09-25,69.69000244140625,0.001453675,0
2024-09-26,67.66999816894531,0.0017960062,0
2024-09-27,68.18000030517578,0.0018426117,0
2024-09-30,68.16999816894531,0.0021130652,0
2024-10-01,69.83000183105469,0.0020487984,0
2024-10-02,70.0999984741211,0.001854474,0
2024-10-03,73.70999908447266,0.002545866,0
2024-10-04,74.37999725341797,0.0035643727,0
2024-10-07,77.13999938964844,0.00644214,0
2024-10-08,73.56999969482422,0.006884934,0
2024-10-09,73.23999786376953,0.0070403963,0
2024-10-10,75.8499984741211,0.0064070327,0
2024-10-11,75.55999755859375,0.005240697,0
2024-10-14,73.83000183105469,0.0033141852,0
2024-10-15,70.58000183105469,0.0028715131,0
2024-10-16,70.38999938964844,0.0028479476,0
2024-10-17,70.66999816894531,0.0033602982,0
2024-10-18,69.22000122070312,0.0043916437,0
2024-10-21,70.55999755859375,0.003314795,0
2024-10-22,72.08999633789062,0.003126283,0
2024-10-23,70.7699966430664,0.003082262,0
2024-10-24,70.19000244140625,0.0022494248,0
2024-10-25,71.77999877929688,0.0012709367,0
2024-10-28,67.37999725341797,0.0014245007,0
2024-10-29,67.20999908447266,0.002035266,0
2024-10-30,68.61000061035156,0.0022122264,0
2024-10-31,69.26000213623047,0.0022548793,0
2024-11-01,69.48999786376953,0.002092853,0
2024-11-04,71.47000122070312,0.0021390286,0
2024-11-05,71.98999786376953,0.0021228283,0
2024-11-06,71.69000244140625,0.0022720913,0
2024-11-07,72.36000061035156,0.0026740355,0
2024-11-08,70.37999725341797,0.0027348339,0
2024-11-11,68.04000091552734,0.002543679,0
2024-11-12,68.12000274658203,0.0022517084,0
2024-11-13,68.43000030517578,0.0023314143,0
2024-11-14,68.69999694824219,0.0024061676,0
2024-11-15,67.0199966430664,0.0027233376,0
2024-11-18,69.16000366210938,0.0023871239,0
2024-11-19,69.38999938964844,0.001833302,0
2024-11-20,68.87000274658203,0.001287744,0
2024-11-21,70.0999984741211,0.0007289333,0
2024-11-22,71.23999786376953,0.0011201683,0
2024-11-25,68.94000244140625,0.0010524096,0
2024-11-26,68.7699966430664,0.0010339838,0
2024-11-27,68.72000122070312,0.0010870198,0
2024-11-29,68.0,0.0012640377,0
2024-12-02,68.0999984741211,0.0009351885,0
2024-12-03,69.94000244140625,0.0009819835,0
2024-12-04,68.54000091552734,0.000947773,0
2024-12-05,68.30000305175781,0.0008121252,0
2024-12-06,67.19999694824219,0.0008040238,0
2024-12-09,68.37000274658203,0.00050172966,0
2024-12-10,68.58999633789062,0.00050995813,0
2024-12-11,70.29000091552734,0.00075533416,0
2024-12-12,70.0199966430664,0.0009033267,0
2024-12-13,71.29000091552734,0.001213462,0
2024-12-16,70.70999908447266,0.0012224396,0
2024-12-17,70.08000183105469,0.0013756878,0
2024-12-18,70.58000183105469,0.0015532302,0
2024-12-19,69.91000366210938,0.0015616501,0
2024-12-20,69.45999908447266,0.001092976,0
2024-12-23,69.23999786376953,0.00095047464,0
2024-12-24,70.0999984741211,0.00073165575,0
2024-12-26,69.62000274658203,0.0007193171,0
2024-12-27,70.5999984741211,0.0006713245,0
2024-12-30,70.98999786376953,0.000665391,0
2024-12-31,71.72000122070312,0.00084096985,0
2025-01-02,73.12999725341797,0.0013651246,0
2025-01-03,73.95999908447266,0.0021683108,0
2025-01-06,73.55999755859375,0.002550134,0
2025-01-07,74.25,0.0027801346,0
2025-01-08,73.31999969482422,0.0021616272,0
2025-01-09,73.91999816894531,0.0018832181,0
2025-01-10,76.56999969482422,0.0019711773,0
2025-01-13,78.81999969482422,0.0029856379,0
2025-01-14,77.5,0.0027150158,0
2025-01-15,80.04000091552734,0.0035921526,0
2025-01-16,78.68000030517578,0.0038901237,0
2025-01-17,77.87999725341797,0.0038835641,0
2025-01-21,75.88999938964844,0.003568859,0
2025-01-22,75.44000244140625,0.0031459234,0
2025-01-23,74.62000274658203,0.0024677066,0
2025-01-24,74.66000366210938,0.0023072688,0
2025-01-27,73.16999816894531,0.003301905,0
2025-01-28,73.7699966430664,0.003092901,0
2025-01-29,72.62000274658203,0.0038333316,0
2025-01-30,72.7300033569336,0.0027213772,0
2025-01-31,72.52999877929688,0.0018997984,0
2025-02-03,73.16000366210938,0.000889651,0
2025-02-04,72.69999694824219,0.0006123283,0
2025-02-05,71.02999877929688,0.00065778615,0
2025-02-06,70.61000061035156,0.0008505392,0
2025-02-07,71.0,0.00073699106,0
2025-02-10,72.31999969482422,0.00075090455,0
2025-02-11,73.31999969482422,0.00075507123,0
2025-02-12,71.37000274658203,0.00071021315,0
2025-02-13,71.29000091552734,0.0006805706,0
2025-02-14,70.73999786376953,0.0007568262,0
2025-02-18,71.8499984741211,0.0008175123,0
2025-02-19,72.25,0.0009373982,0
2025-02-20,72.56999969482422,0.00092604954,0
2025-02-21,70.4000015258789,0.0007636627,0
2025-02-24,70.69999694824219,0.00069751247,0
2025-02-25,68.93000030517578,0.0011321576,0
2025-02-26,68.62000274658203,0.00143374,0
2025-02-27,70.3499984741211,0.0015343849,0
2025-02-28,69.76000213623047,0.0015887165,0
2025-03-03,68.37000274658203,0.0017389853,0
2025-03-04,68.26000213623047,0.0016837197,0
2025-03-05,66.30999755859375,0.001879923,0
2025-03-06,66.36000061035156,0.0016661705,0
2025-03-07,67.04000091552734,0.0015991576,0
2025-03-10,66.02999877929688,0.0015731059,0
2025-03-11,66.25,0.0015872361,0
2025-03-12,67.68000030517578,0.001341685,0
2025-03-13,66.55000305175781,0.0007858795,0
2025-03-14,67.18000030517578,0.0003481816,0
2025-03-17,67.58000183105469,0.0002406585,0
2025-03-18,66.9000015258789,0.00023157729,0
2025-03-19,67.16000366210938,0.0002285457,0
2025-03-20,68.26000213623047,0.0003036743,0
2025-03-21,68.27999877929688,0.00046405723,0
2025-03-24,69.11000061035156,0.0005395934,0
2025-03-25,69.0,0.0004954427,0
2025-03-26,69.6500015258789,0.00080332055,0
2025-03-27,69.91999816894531,0.0008931093,0
2025-03-28,69.36000061035156,0.0009240218,0
2025-03-31,71.4800033569336,0.0015141469,0
2025-04-01,71.19999694824219,0.0015434449,0
2025-04-02,71.70999908447266,0.0014929217,0
2025-04-03,66.94999694824219,0.0017614376,0
2025-04-04,61.9900016784668,0.0051629217,0
2025-04-07,60.70000076293945,0.009296716,0
2025-04-08,59.58000183105469,0.013499945,0
2025-04-09,62.349998474121094,0.014403604,0
2025-04-10,60.06999969482422,0.015553671,0
2025-04-11,61.5,0.014974711,0
2025-04-14,61.529998779296875,0.01238322,0
2025-04-15,61.33000183105469,0.008879239,0
2025-04-16,62.470001220703125,0.0034944196,0
2025-04-17,64.68000030517578,0.0018908412,0
2025-04-21,63.08000183105469,0.0019284475,0
2025-04-22,64.30999755859375,0.0020271768,0
2025-04-23,62.27000045776367,0.0016618842,0
2025-04-24,62.790000915527344,0.0018309595,0
2025-04-25,63.02000045776367,0.0013769759,0
2025-04-28,62.04999923706055,0.0014612474,0
2025-04-29,60.41999816894531,0.0020399396,0
2025-04-30,58.209999084472656,0.0036464198,0
2025-05-01,59.2400016784668,0.0044630673,0
2025-05-02,58.290000915527344,0.0053532496,0
2025-05-05,57.130001068115234,0.0068356683,0
2025-05-06,59.09000015258789,0.006340926,0
2025-05-07,58.06999969482422,0.0066710473,0
2025-05-08,59.90999984741211,0.0057867602,0
2025-05-09,61.02000045776367,0.0045127217,0
2025-05-12,61.95000076293945,0.0037053495,0
2025-05-13,63.66999816894531,0.0037296922,0
2025-05-14,63.150001525878906,0.0035724875,0
2025-05-15,61.619998931884766,0.0036153966,0
2025-05-16,62.4900016784668,0.0035309345,0
2025-05-19,62.689998626708984,0.0027867449,0
2025-05-20,62.560001373291016,0.0026182937,0
2025-05-21,61.56999969482422,0.0017959403,0
2025-05-22,61.20000076293945,0.0016478533,0
2025-05-23,61.529998779296875,0.0015923256,0
2025-05-27,60.88999938964844,0.0017818116,0
2025-05-28,61.84000015258789,0.0016362747,0
2025-05-29,60.939998626708984,0.0017884236,0
2025-05-30,60.790000915527344,0.0019310641,0
2025-06-02,62.52000045776367,0.0016935507,0
2025-06-03,63.40999984741211,0.0014633213,0
2025-06-04,62.849998474121094,0.0013660965,0
2025-06-05,63.369998931884766,0.0013214408,0
2025-06-06,64.58000183105469,0.0013647573,0
2025-06-09,65.29000091552734,0.0015994575,0
2025-06-10,64.9800033569336,0.0015095725,0
2025-06-11,68.1500015258789,0.0025627841,0
2025-06-12,68.04000091552734,0.0029558307,0
2025-06-13,72.9800033569336,0.005834877,0
2025-06-16,71.7699966430664,0.007148667,0
2025-06-17,74.83999633789062,0.010480734,0
2025-06-18,75.13999938964844,0.012140882,0
2025-06-20,74.93000030517578,0.011842516,0
2025-06-23,68.51000213623047,0.010032826,0
2025-06-24,64.37000274658203,0.010819466,0
2025-06-25,64.91999816894531,0.010794682,0
2025-06-26,65.23999786376953,0.01228669,0
2025-06-27,65.5199966430664,0.013089752,0
2025-06-30,65.11000061035156,0.013136047,0
2025-07-01,65.44999694824219,0.012716778,0
2025-07-02,67.44999694824219,0.0094038015,0
2025-07-03,67.0,0.00513562,0
2025-07-04,66.5,0.00073644746,0
2025-07-07,67.93000030517578,0.00078246073,0
2025-07-08,68.33000183105469,0.0008696249,0
2025-07-09,68.37999725341797,0.0009602134,0
2025-07-10,66.56999969482422,0.00091386226,0
2025-07-11,68.44999694824219,0.0010160744,0
2025-07-14,66.9800033569336,0.0007608857,0
2025-07-15,66.5199966430664,0.0005142755,0
2025-07-16,66.37999725341797,0.00065954967,0
2025-07-17,67.54000091552734,0.0006646352,0
2025-07-18,67.33999633789062,0.00047873464,0
2025-07-21,67.19999694824219,0.00039643998,0
2025-07-22,66.20999908447266,0.00037974564,0
2025-07-23,65.25,0.00054561644,0
2025-07-24,66.02999877929688,0.0004930222,0
2025-07-25,65.16000366210938,0.0005622127,0
2025-07-28,66.70999908447266,0.00054523477,0
2025-07-29,69.20999908447266,0.0008804904,0
2025-07-30,70.0,0.001327163,0
2025-07-31,69.26000213623047,0.001539055,0
2025-08-01,67.33000183105469,0.0015651329,0
2025-08-04,66.29000091552734,0.0018161588,0
2025-08-05,65.16000366210938,0.0022630736,0
2025-08-06,64.3499984741211,0.0026766425,0
2025-08-07,63.880001068115234,0.0033440322,0
2025-08-08,63.880001068115234,0.0035241172,0
2025-08-11,63.959999084472656,0.0036313864,0
2025-08-12,63.16999816894531,0.0033347222,0
2025-08-13,62.650001525878906,0.0024684728,0
2025-08-14,63.959999084472656,0.0012910862,0
2025-08-15,62.79999923706055,0.0009580062,0
2025-08-18,63.41999816894531,0.00066716055,0
2025-08-19,62.349998474121094,0.000760697,0
2025-08-20,63.209999084472656,0.0007134838,0
2025-08-21,63.52000045776367,0.0006398188,0
2025-08-22,63.65999984741211,0.00057326036,0
2025-08-25,64.80000305175781,0.0005691094,0
2025-08-26,63.25,0.0006208389,0
2025-08-27,64.1500015258789,0.0004915969,0
2025-08-28,64.5999984741211,0.0005301297,0
2025-08-29,64.01000213623047,0.00048522954,0
2025-09-02,65.58999633789062,0.00061536964,0
2025-09-03,63.970001220703125,0.00046079606,0
2025-09-04,63.47999954223633,0.0004997814,0
2025-09-05,61.869998931884766,0.0009697956,0
2025-09-08,62.2599983215332,0.0012209101,0
2025-09-09,62.630001068115234,0.001383555,0
2025-09-10,63.66999816894531,0.0012571586,0
2025-09-11,62.369998931884766,0.0013684176,0
2025-09-12,62.689998626708984,0.0013217207,0
2025-09-15,63.29999923706055,0.001127847,0
2025-09-16,64.5199966430664,0.0007606571,0
2025-09-17,64.05000305175781,0.0007189531,0
2025-09-18,63.56999969482422,0.00080002286,0
2025-09-19,62.68000030517578,0.0007964681,0
2025-09-22,62.63999938964844,0.00082085223,0
2025-09-23,63.40999984741211,0.00074138294,0
2025-09-24,64.98999786376953,0.0008011844,0
2025-09-25,64.9800033569336,0.00070769514,0
2025-09-26,65.72000122070312,0.0006527822,0
2025-09-29,63.45000076293945,0.00064063224,0
2025-09-30,62.369998931884766,0.00096987217,0
2025-10-01,61.779998779296875,0.0014712376,0
2025-10-02,60.47999954223633,0.002433395,0
2025-10-03,60.880001068115234,0.0029718361,0
2025-10-06,61.689998626708984,0.0030601423,0
2025-10-07,61.72999954223633,0.0030559755,0
2025-10-08,62.54999923706055,0.0026518132,0
2025-10-09,61.5099983215332,0.0023436726,0
2025-10-10,58.900001525878906,0.0026598985,0
2025-10-13,59.4900016784668,0.0029892556,0
2025-10-14,58.70000076293945,0.0036626398,0
2025-10-15,58.27000045776367,0.00444194,0
2025-10-16,57.459999084472656,0.005537305,0
2025-10-17,57.540000915527344,0.0063368394,0
2025-10-20,57.52000045776367,0.006745675,0
2025-10-21,57.81999969482422,0.0066193393,0
2025-10-22,58.5,0.0056208237,0
2025-10-23,61.790000915527344,0.004639264,0
2025-10-24,61.5,0.0042309146,0
2025-10-27,61.310001373291016,0.0039889207,0
2025-10-28,60.150001525878906,0.003978334,0
2025-10-29,60.47999954223633,0.003954611,0
2025-10-30,60.56999969482422,0.0037337593,0
2025-10-31,60.97999954223633,0.0034102122,0
2025-11-03,61.04999923706055,0.0029888703,0
2025-11-04,60.560001373291016,0.002593542,0
2025-11-05,59.599998474121094,0.0025021522,0
2025-11-06,59.43000030517578,0.0027893048,0
2025-11-07,59.75,0.0028812955,0
2025-11-10,60.130001068115234,0.0028671643,0
2025-11-11,61.040000915527344,0.0026551199,0
2025-11-12,58.4900016784668,0.0033159014,0
2025-11-13,58.689998626708984,0.003724733,0
2025-11-14,60.09000015258789,0.0035096747,0
2025-11-17,59.90999984741211,0.0033394627,0
2025-11-18,60.7400016784668,0.0031038958,0
2025-11-19,59.439998626708984,0.0032638893,0
2025-11-20,59.13999938964844,0.0034588017,0
2025-11-21,58.060001373291016,0.004054697,0
2025-11-24,58.84000015258789,0.004147028,0
2025-11-25,57.95000076293945,0.004575565,0
2025-11-26,58.650001525878906,0.0046372944,0
2025-11-28,58.54999923706055,0.0046538436,0
2025-12-01,59.31999969482422,0.0044092583,0
2025-12-02,58.63999938964844,0.0043507135,0
2025-12-03,58.95000076293945,0.0040767835,0
2025-12-04,59.66999816894531,0.0038024497,0
2025-12-05,60.08000183105469,0.0036147316,0
2025-12-08,58.880001068115234,0.0036547284,0
2025-12-09,58.25,0.004028176,0
2025-12-10,58.459999084472656,0.0041534426,0
2025-12-11,57.599998474121094,0.004678941,0
2025-12-12,57.439998626708984,0.0051096207,0
2025-12-15,56.81999969482422,0.0057922727,0
2025-12-16,55.27000045776367,0.0072845207,0
2025-12-17,55.939998626708984,0.007966817,0
2025-12-18,56.150001525878906,0.008158496,0
2025-12-19,56.65999984741211,0.0077683614,0
2025-12-22,58.0099983215332,0.007076328,0
2025-12-23,58.380001068115234,0.006418974,0
2025-12-24,58.349998474121094,0.0058624456,0
2025-12-26,56.7400016784668,0.005956701,0
2025-12-29,58.08000183105469,0.0056666364,0
2025-12-30,57.95000076293945,0.005665053,0
2025-12-31,57.41999816894531,0.0056304308,0
2026-01-02,57.31999969482422,0.00574197,0
2026-01-05,58.31999969482422,0.0054465095,0
2026-01-06,57.130001068115234,0.005559741,0
2026-01-07,55.9900016784668,0.0062843785,0
2026-01-08,57.7599983215332,0.0060582994,0
2026-01-09,59.119998931884766,0.005623434,0
2026-01-12,59.5,0.0050595584,0
2026-01-13,61.150001525878906,0.00463501,0
2026-01-14,62.02000045776367,0.00444545,0
2026-01-15,59.189998626708984,0.0044937152,0
2026-01-16,59.439998626708984,0.0044197785,0
2026-01-20,60.34000015258789,0.004416748,0
2026-01-21,60.619998931884766,0.0041691577,0
2026-01-22,59.36000061035156,0.0035821977,0
2026-01-23,61.06999969482422,0.00304124,0
2026-01-26,60.630001068115234,0.0028659569,0
2026-01-27,62.38999938964844,0.0024803444,0
2026-01-28,63.209999084472656,0.0022643742,0
2026-01-29,65.41999816894531,0.0026791866,0
2026-01-30,65.20999908447266,0.0028513162,0
2026-02-02,62.13999938964844,0.0027739606,0
2026-02-03,63.209999084472656,0.0027184035,0
2026-02-04,65.13999938964844,0.0027970986,0
2026-02-05,63.290000915527344,0.0020527577,0
2026-02-06,63.54999923706055,0.0018330368,0
2026-02-09,64.36000061035156,0.0011571628,0
2026-02-10,63.959999084472656,0.00092784094,0
2026-02-11,64.62999725341797,0.0007052049,0
2026-02-12,62.84000015258789,0.00079537963,0
2026-02-13,62.88999938964844,0.0009555368,0
2026-02-17,62.33000183105469,0.0009691546,0
2026-02-18,65.19000244140625,0.0008138221,0
2026-02-19,66.43000030517578,0.000995192,0
2026-02-20,66.38999938964844,0.0011208222,0
2026-02-23,66.30999755859375,0.0011808685,0
2026-02-24,65.62999725341797,0.0012622264,0
2026-02-25,65.41999816894531,0.0013097839,0
2026-02-26,65.20999908447266,0.0015525324,0
2026-02-27,67.0199966430664,0.0015439645,0
2026-03-02,71.2300033569336,0.0029402897,0
2026-03-03,74.55999755859375,0.0055536074,0
2026-03-04,74.66000366210938,0.008307807,0
2026-03-05,81.01000213623047,0.017922774,1
2026-03-06,90.9000015258789,0.044459704,1
2026-03-09,94.7699966430664,0.07279506,1
2026-03-10,83.44999694824219,0.0670096,1
2026-03-11,87.25,0.06177675,1
2026-03-12,95.7300033569336,0.06321557,1
2026-03-13,98.70999908447266,0.059349846,1
2026-03-16,93.5,0.046003006,1
2026-03-17,96.20999908447266,0.03456361,1
2026-03-18,96.31999969482422,0.02064431,1
2026-03-19,96.13999938964844,0.015618878,0
2026-03-20,98.31999969482422,0.0179282,1
2026-03-23,88.12999725341797,0.015922774,0
2026-03-24,92.3499984741211,0.008146526,0
2026-03-25,90.31999969482422,0.0059607313,0
2026-03-26,94.4800033569336,0.006456071,0
2026-03-27,99.63999938964844,0.0068202927,0
2026-03-30,102.87999725341797,0.011899677,0
2026-03-31,101.37999725341797,0.014915544,0
2026-04-01,100.12000274658203,0.01716717,1
2026-04-02,111.54000091552734,0.0337047,1
2026-04-06,112.41000366210938,0.048644584,1
2026-04-07,112.94999694824219,0.050959986,1
2026-04-08,94.41000366210938,0.046394337,1
2026-04-09,97.87000274658203,0.036384042,1
2026-04-10,96.56999969482422,0.031487294,1
2026-04-13,99.08000183105469,0.029795954,1
2026-04-14,91.27999877929688,0.034725912,1
2026-04-15,91.29000091552734,0.038857777,1
2026-04-16,94.69000244140625,0.036774665,1
2026-04-17,83.8499984741211,0.04193772,1
2026-04-20,89.61000061035156,0.03204735,1
2026-04-21,92.12999725341797,0.009414436,0
2026-04-22,92.95999908447266,0.010334821,0
2026-04-23,95.8499984741211,0.010507353,0
2026-04-24,94.4000015258789,0.011754745,0
2026-04-27,96.37000274658203,0.0091408,0
2026-04-28,99.93000030517578,0.0136804655,0
2026-04-29,106.87999725341797,0.026770502,1
2026-04-30,105.06999969482422,0.03177515,1
2026-05-01,101.94000244140625,0.023724299,1
2026-05-04,106.41999816894531,0.02393168,1
2026-05-05,102.2699966430664,0.020899238,1
2026-05-06,95.08000183105469,0.017386751,1
2026-05-07,94.80999755859375,0.017040074,1
2026-05-08,95.41999816894531,0.014308776,0
2026-05-11,98.06999969482422,0.0119373305,0
2026-05-12,102.18000030517578,0.010773202,0
2026-05-13,101.0199966430664,0.0086633945,0
2026-05-14,101.16999816894531,0.008156025,0
2026-05-15,105.41999816894531,0.010814155,0
2026-05-18,108.66000366210938,0.016081333,0
2026-05-19,107.7699966430664,0.021950489,1
2026-05-20,98.26000213623047,0.019238459,1
2026-05-21,96.3499984741211,0.016779285,1
2026-05-22,96.5999984741211,0.014303759,0
2026-05-26,93.88999938964844,0.014429619,0
2026-05-27,88.68000030517578,0.021125004,1
2026-05-28,88.9000015258789,0.025595266,1
2026-05-29,87.36000061035156,0.030161757,1
2026-06-01,92.16000366210938,0.027819935,1
2026-06-02,93.76000213623047,0.01956744,1
2026-06-03,96.0199966430664,0.008047722,0
2026-06-04,93.04000091552734,0.006967254,0
2026-06-05,90.54000091552734,0.007689769,0
2026-06-08,91.30000305175781,0.006799467,0
2026-06-09,88.19999694824219,0.005533211,0
2026-06-10,90.02999877929688,0.004380935,0
2026-06-11,87.70999908447266,0.0029762394,0
2026-06-12,84.87999725341797,0.004734613,0
2026-06-15,80.75,0.010588462,0
2026-06-16,76.05000305175781,0.020581754,1
2026-06-17,76.79000091552734,0.020666396,1
2026-06-18,76.5999984741211,0.019829134,1
2026-06-22,74.81999969482422,0.02141499,1
2026-06-23,73.20999908447266,0.0203002,1
2026-06-24,70.33999633789062,0.02381131,1
2026-06-25,71.91999816894531,0.018681532,1
2026-06-26,69.2300033569336,0.013756447,0
2026-06-29,70.75,0.007769496,0
2026-06-30,69.5,0.0050428277,0
2026-07-01,68.58000183105469,0.0051938845,0
2026-07-02,68.69000244140625,0.004341555,0
2026-07-06,68.55000305175781,0.0029189275,0
2026-07-07,70.44000244140625,0.0017463245,0
2026-07-08,73.5199966430664,0.002076225,0
2026-07-09,72.08000183105469,0.0022017169,0
2026-07-10,71.41000366210938,0.002145479,0
2026-07-13,78.13999938964844,0.0059220796,0
2026-07-14,79.33999633789062,0.01026087,0
2026-07-15,79.5999984741211,0.012400632,0
2026-07-16,78.94999694824219,0.0121485,0
2026-07-17,82.48999786376953,0.013439949,0
2026-07-20,83.2300033569336,0.0132267205,0
2026-07-21,84.91000366210938,0.014170865,0
2026-07-22,86.83000183105469,0.016191598,1
2026-07-23,92.19000244140625,0.019938719,1
2026-07-24,89.30999755859375,0.016130595,0
2026-07-27,82.61000061035156,0.013797048,0
2026-07-28,79.26000213623047,0.012785843,0
2026-07-29,84.45999908447266,0.009755472,0
2026-07-30,83.58999633789062,0.007459508,0
2026-07-31,84.66999816894531,0.0060639996,0
2026-08-03,80.33999633789062,0.006675576,0
2026-08-04,75.7699966430664,0.011712353,0
2026-08-05,75.22000122070312,0.01762575,1
2026-08-06,77.29000091552734,0.012414741,0
2026-08-07,78.18000030517578,0.0069716997,0
2026-08-10,82.12999725341797,0.006535421,0
2026-08-11,83.19999694824219,0.008658366,0
2026-08-12,83.2699966430664,0.008689277,0
2026-08-13,81.25,0.008988873,0
2026-08-14,82.4000015258789,0.007798679,0
2026-08-17,84.5,0.0082942005,0
2026-08-18,84.94000244140625,0.007247772,0
2026-08-19,85.83000183105469,0.00531334,0
2026-08-20,87.83000183105469,0.004520961,0
2026-08-21,87.05999755859375,0.004204964,0
2026-08-24,85.01000213623047,0.004418339,0
2026-08-25,82.36000061035156,0.004378831,0
2026-08-26,82.2300033569336,0.0030499485,0
2026-08-27,83.52999877929688,0.0018372433,0
2026-08-28,83.4000015258789,0.0015836617,0
2026-08-31,85.76000213623047,0.0014742728,0
2026-09-01,90.22000122070312,0.004082573,0
2026-09-02,91.01000213623047,0.007973364,0
2026-09-03,91.30000305175781,0.01067522,0
2026-09-04,91.4800033569336,0.012445976,0
